InvoiceNo,StockCode,Description,Quantity,InvoiceDate,UnitPrice,CustomerID,Country
536365,71053,WHITE METAL LANTERN,36,02/17/2011 14:00,3.39,UK1017,United Kingdom
536365,47566,PARTY BUNTING,22,02/17/2011 14:00,4.95,UK1017,United Kingdom
536365,85123A,WHITE HANGING HEART T-LIGHT HOLDER,22,02/17/2011 14:00,2.55,UK1017,United Kingdom
536366,22632,HAND WARMER RED POLKA DOT,1,03/26/2011 10:00,1.85,UK1003,United Kingdom
536366,22752,SET 7 BABUSHKA NESTING BOXES,28,03/26/2011 10:00,7.65,UK1003,United Kingdom
536366,22423,REGENCY CAKESTAND 3 TIER,6,03/26/2011 10:00,12.75,UK1003,United Kingdom
536367,22752,SET 7 BABUSHKA NESTING BOXES,7,07/16/2011 09:00,7.65,UK1038,United Kingdom
536368,84406B,CREAM CUPID HEARTS COAT HANGER,19,02/20/2011 18:00,2.75,UK1002,United Kingdom
536368,21754,HOME BUILDING BLOCK WORD,28,02/20/2011 18:00,5.95,UK1002,United Kingdom
536369,47566,PARTY BUNTING,31,09-05-2011 12:00,4.95,UK1036,United Kingdom
536369,85123A,WHITE HANGING HEART T-LIGHT HOLDER,14,09-05-2011 12:00,2.55,UK1036,United Kingdom
536369,21754,HOME BUILDING BLOCK WORD,39,09-05-2011 12:00,5.95,UK1036,United Kingdom
536369,84029E,RED WOOLLY HOTTIE WHITE HEART,34,09-05-2011 12:00,3.39,UK1036,United Kingdom
536370,20725,LUNCH BAG RED RETROSPOT,35,06/14/2011 08:00,1.65,UK1036,United Kingdom
536370,21754,HOME BUILDING BLOCK WORD,39,06/14/2011 08:00,5.95,UK1036,United Kingdom
536370,21212,PACK OF 72 RETROSPOT CAKE CASES,32,06/14/2011 08:00,0.55,UK1036,United Kingdom
536370,22632,HAND WARMER RED POLKA DOT,34,06/14/2011 08:00,1.85,UK1036,United Kingdom
536371,47566,PARTY BUNTING,12,07/14/2011 16:00,4.95,UK1026,United Kingdom
536372,84406B,CREAM CUPID HEARTS COAT HANGER,5,09-10-2011 18:00,2.75,UK1005,United Kingdom
536372,22752,SET 7 BABUSHKA NESTING BOXES,30,09-10-2011 18:00,7.65,UK1005,United Kingdom
536372,47566,PARTY BUNTING,25,09-10-2011 18:00,4.95,UK1005,United Kingdom
536373,84879,ASSORTED COLOUR BIRD ORNAMENT,24,06/25/2011 08:00,1.69,UK1036,United Kingdom
536373,71053,WHITE METAL LANTERN,1,06/25/2011 08:00,3.39,UK1036,United Kingdom
536374,22632,HAND WARMER RED POLKA DOT,15,05-01-2011 14:00,1.85,UK1022,United Kingdom
536374,22423,REGENCY CAKESTAND 3 TIER,35,05-01-2011 14:00,12.75,UK1022,United Kingdom
536374,85123A,WHITE HANGING HEART T-LIGHT HOLDER,31,05-01-2011 14:00,2.55,UK1022,United Kingdom
536374,21212,PACK OF 72 RETROSPOT CAKE CASES,12,05-01-2011 14:00,0.55,UK1022,United Kingdom
536374,84029E,RED WOOLLY HOTTIE WHITE HEART,10,05-01-2011 14:00,3.39,UK1022,United Kingdom
536375,85123A,WHITE HANGING HEART T-LIGHT HOLDER,17,08/19/2011 14:00,2.55,UK1034,United Kingdom
536375,20725,LUNCH BAG RED RETROSPOT,23,08/19/2011 14:00,1.65,UK1034,United Kingdom
536375,84406B,CREAM CUPID HEARTS COAT HANGER,18,08/19/2011 14:00,2.75,UK1034,United Kingdom
536375,22633,HAND WARMER UNION JACK,28,08/19/2011 14:00,1.85,UK1034,United Kingdom
536376,71053,WHITE METAL LANTERN,1,01-04-2011 09:00,3.39,UK1026,United Kingdom
536376,22632,HAND WARMER RED POLKA DOT,35,01-04-2011 09:00,1.85,UK1026,United Kingdom
536376,22752,SET 7 BABUSHKA NESTING BOXES,25,01-04-2011 09:00,7.65,UK1026,United Kingdom
536376,22423,REGENCY CAKESTAND 3 TIER,5,01-04-2011 09:00,12.75,UK1026,United Kingdom
536376,20725,LUNCH BAG RED RETROSPOT,35,01-04-2011 09:00,1.65,UK1026,United Kingdom
536377,22633,HAND WARMER UNION JACK,27,01/18/2011 13:00,1.85,UK1025,United Kingdom
536377,85123A,WHITE HANGING HEART T-LIGHT HOLDER,23,01/18/2011 13:00,2.55,UK1025,United Kingdom
536377,21754,HOME BUILDING BLOCK WORD,2,01/18/2011 13:00,5.95,UK1025,United Kingdom
536378,22752,SET 7 BABUSHKA NESTING BOXES,6,08-06-2011 09:00,7.65,UK1010,United Kingdom
536378,21212,PACK OF 72 RETROSPOT CAKE CASES,4,08-06-2011 09:00,0.55,UK1010,United Kingdom
536379,84406B,CREAM CUPID HEARTS COAT HANGER,25,07/21/2011 16:00,2.75,UK1033,United Kingdom
536379,21212,PACK OF 72 RETROSPOT CAKE CASES,24,07/21/2011 16:00,0.55,UK1033,United Kingdom
536379,21754,HOME BUILDING BLOCK WORD,9,07/21/2011 16:00,5.95,UK1033,United Kingdom
536380,21212,PACK OF 72 RETROSPOT CAKE CASES,38,06/25/2011 16:00,0.55,UK1034,United Kingdom
536381,22633,HAND WARMER UNION JACK,845,08/13/2011 08:00,1.85,UK1024,United Kingdom
536381,21212,PACK OF 72 RETROSPOT CAKE CASES,555,08/13/2011 08:00,0.55,UK1024,United Kingdom
536382,22752,SET 7 BABUSHKA NESTING BOXES,33,01/18/2011 10:00,7.65,UK1027,United Kingdom
536382,47566,PARTY BUNTING,7,01/18/2011 10:00,4.95,UK1027,United Kingdom
536382,22632,HAND WARMER RED POLKA DOT,35,01/18/2011 10:00,1.85,UK1027,United Kingdom
536382,21754,HOME BUILDING BLOCK WORD,24,01/18/2011 10:00,5.95,UK1027,United Kingdom
536382,22423,REGENCY CAKESTAND 3 TIER,15,01/18/2011 10:00,12.75,UK1027,United Kingdom
536383,20725,LUNCH BAG RED RETROSPOT,21,06/27/2011 09:00,1.65,UK1036,United Kingdom
536383,22632,HAND WARMER RED POLKA DOT,17,06/27/2011 09:00,1.85,UK1036,United Kingdom
536383,84029G,KNITTED UNION FLAG HOT WATER BOTTLE,26,06/27/2011 09:00,3.75,UK1036,United Kingdom
536384,22632,HAND WARMER RED POLKA DOT,2,09/17/2011 09:00,1.85,UK1002,United Kingdom
536384,84029G,KNITTED UNION FLAG HOT WATER BOTTLE,13,09/17/2011 09:00,3.75,UK1002,United Kingdom
536385,84879,ASSORTED COLOUR BIRD ORNAMENT,22,10/20/2011 11:00,1.69,UK1017,United Kingdom
536386,84406B,CREAM CUPID HEARTS COAT HANGER,17,10-06-2011 10:00,2.75,UK1035,United Kingdom
536386,21754,HOME BUILDING BLOCK WORD,37,10-06-2011 10:00,5.95,UK1035,United Kingdom
536386,22633,HAND WARMER UNION JACK,32,10-06-2011 10:00,1.85,UK1035,United Kingdom
536386,47566,PARTY BUNTING,22,10-06-2011 10:00,4.95,UK1035,United Kingdom
536386,21730,GLASS STAR FROSTED T-LIGHT HOLDER,26,10-06-2011 10:00,4.25,UK1035,United Kingdom
536387,21212,PACK OF 72 RETROSPOT CAKE CASES,22,09/17/2011 10:00,0.55,UK1014,United Kingdom
536387,85123A,WHITE HANGING HEART T-LIGHT HOLDER,38,09/17/2011 10:00,2.55,UK1014,United Kingdom
536387,21754,HOME BUILDING BLOCK WORD,8,09/17/2011 10:00,5.95,UK1014,United Kingdom
536387,84879,ASSORTED COLOUR BIRD ORNAMENT,4,09/17/2011 10:00,1.69,UK1014,United Kingdom
536387,22423,REGENCY CAKESTAND 3 TIER,24,09/17/2011 10:00,12.75,UK1014,United Kingdom
536388,22752,SET 7 BABUSHKA NESTING BOXES,13,07-08-2011 18:00,7.65,UK1029,United Kingdom
536388,20725,LUNCH BAG RED RETROSPOT,12,07-08-2011 18:00,1.65,UK1029,United Kingdom
536388,84029G,KNITTED UNION FLAG HOT WATER BOTTLE,25,07-08-2011 18:00,3.75,UK1029,United Kingdom
536388,22633,HAND WARMER UNION JACK,4,07-08-2011 18:00,1.85,UK1029,United Kingdom
536389,47566,PARTY BUNTING,5,07/15/2011 16:00,4.95,UK1026,United Kingdom
536389,84406B,CREAM CUPID HEARTS COAT HANGER,19,07/15/2011 16:00,2.75,UK1026,United Kingdom
536389,22632,HAND WARMER RED POLKA DOT,8,07/15/2011 16:00,1.85,UK1026,United Kingdom
536390,85123A,WHITE HANGING HEART T-LIGHT HOLDER,20,09/18/2011 17:00,2.55,UK1016,United Kingdom
536390,21730,GLASS STAR FROSTED T-LIGHT HOLDER,7,09/18/2011 17:00,4.25,UK1016,United Kingdom
536390,20725,LUNCH BAG RED RETROSPOT,30,09/18/2011 17:00,1.65,UK1016,United Kingdom
536391,84029E,RED WOOLLY HOTTIE WHITE HEART,16,06/19/2011 11:00,3.39,UK1036,United Kingdom
536391,47566,PARTY BUNTING,30,06/19/2011 11:00,4.95,UK1036,United Kingdom
536391,22633,HAND WARMER UNION JACK,33,06/19/2011 11:00,1.85,UK1036,United Kingdom
536391,84879,ASSORTED COLOUR BIRD ORNAMENT,37,06/19/2011 11:00,1.69,UK1036,United Kingdom
536392,71053,WHITE METAL LANTERN,32,06/25/2011 08:00,3.39,UK1017,United Kingdom
536392,85123A,WHITE HANGING HEART T-LIGHT HOLDER,9,06/25/2011 08:00,2.55,UK1017,United Kingdom
536393,22632,HAND WARMER RED POLKA DOT,15,10-04-2011 08:00,1.85,UK1030,United Kingdom
536393,84406B,CREAM CUPID HEARTS COAT HANGER,39,10-04-2011 08:00,2.75,UK1030,United Kingdom
536393,22752,SET 7 BABUSHKA NESTING BOXES,3,10-04-2011 08:00,7.65,UK1030,United Kingdom
536393,21754,HOME BUILDING BLOCK WORD,30,10-04-2011 08:00,5.95,UK1030,United Kingdom
536394,22752,SET 7 BABUSHKA NESTING BOXES,15,05/31/2011 17:00,7.65,UK1032,United Kingdom
536395,21730,GLASS STAR FROSTED T-LIGHT HOLDER,39,05/13/2011 12:00,4.25,UK1004,United Kingdom
536395,22752,SET 7 BABUSHKA NESTING BOXES,1,05/13/2011 12:00,7.65,UK1004,United Kingdom
536396,84029E,RED WOOLLY HOTTIE WHITE HEART,34,03/29/2011 11:00,3.39,UK1031,United Kingdom
536397,84029G,KNITTED UNION FLAG HOT WATER BOTTLE,40,06-08-2011 15:00,3.75,UK1012,United Kingdom
536397,84029E,RED WOOLLY HOTTIE WHITE HEART,35,06-08-2011 15:00,3.39,UK1012,United Kingdom
536397,22632,HAND WARMER RED POLKA DOT,36,06-08-2011 15:00,1.85,UK1012,United Kingdom
536397,71053,WHITE METAL LANTERN,18,06-08-2011 15:00,3.39,UK1012,United Kingdom
536398,21730,GLASS STAR FROSTED T-LIGHT HOLDER,37,09/27/2011 09:00,4.25,UK1012,United Kingdom
536398,21754,HOME BUILDING BLOCK WORD,28,09/27/2011 09:00,5.95,UK1012,United Kingdom
536398,47566,PARTY BUNTING,28,09/27/2011 09:00,4.95,UK1012,United Kingdom
536398,22633,HAND WARMER UNION JACK,34,09/27/2011 09:00,1.85,UK1012,United Kingdom
536399,84029G,KNITTED UNION FLAG HOT WATER BOTTLE,3,03/23/2011 15:00,3.75,UK1022,United Kingdom
536399,20725,LUNCH BAG RED RETROSPOT,16,03/23/2011 15:00,1.65,UK1022,United Kingdom
536400,85123A,WHITE HANGING HEART T-LIGHT HOLDER,21,02-10-2011 14:00,2.55,UK1013,United Kingdom
536401,22423,REGENCY CAKESTAND 3 TIER,19,01/19/2011 08:00,12.75,UK1035,United Kingdom
536401,47566,PARTY BUNTING,12,01/19/2011 08:00,4.95,UK1035,United Kingdom
536402,84029G,KNITTED UNION FLAG HOT WATER BOTTLE,10,03-02-2011 12:00,3.75,UK1019,United Kingdom
536402,22632,HAND WARMER RED POLKA DOT,30,03-02-2011 12:00,1.85,UK1019,United Kingdom
536402,85123A,WHITE HANGING HEART T-LIGHT HOLDER,15,03-02-2011 12:00,2.55,UK1019,United Kingdom
536403,21730,GLASS STAR FROSTED T-LIGHT HOLDER,32,04/27/2011 16:00,4.25,UK1026,United Kingdom
536403,22632,HAND WARMER RED POLKA DOT,3,04/27/2011 16:00,1.85,UK1026,United Kingdom
536403,84029G,KNITTED UNION FLAG HOT WATER BOTTLE,19,04/27/2011 16:00,3.75,UK1026,United Kingdom
536403,20725,LUNCH BAG RED RETROSPOT,9,04/27/2011 16:00,1.65,UK1026,United Kingdom
536404,22633,HAND WARMER UNION JACK,23,02/27/2011 10:00,1.85,UK1030,United Kingdom
536405,22752,SET 7 BABUSHKA NESTING BOXES,7,01-12-2011 15:00,7.65,UK1035,United Kingdom
536405,84029E,RED WOOLLY HOTTIE WHITE HEART,33,01-12-2011 15:00,3.39,UK1035,United Kingdom
536405,20725,LUNCH BAG RED RETROSPOT,7,01-12-2011 15:00,1.65,UK1035,United Kingdom
536405,84029G,KNITTED UNION FLAG HOT WATER BOTTLE,38,01-12-2011 15:00,3.75,UK1035,United Kingdom
536405,21730,GLASS STAR FROSTED T-LIGHT HOLDER,21,01-12-2011 15:00,4.25,UK1035,United Kingdom
536406,21730,GLASS STAR FROSTED T-LIGHT HOLDER,9,04/19/2011 14:00,4.25,UK1005,United Kingdom
536406,84406B,CREAM CUPID HEARTS COAT HANGER,1,04/19/2011 14:00,2.75,UK1005,United Kingdom
536407,71053,WHITE METAL LANTERN,30,02/17/2011 13:00,3.39,UK1010,United Kingdom
536408,85123A,WHITE HANGING HEART T-LIGHT HOLDER,6,04/16/2011 18:00,2.55,UK1027,United Kingdom
536408,20725,LUNCH BAG RED RETROSPOT,9,04/16/2011 18:00,1.65,UK1027,United Kingdom
536408,84406B,CREAM CUPID HEARTS COAT HANGER,3,04/16/2011 18:00,2.75,UK1027,United Kingdom
536408,71053,WHITE METAL LANTERN,23,04/16/2011 18:00,3.39,UK1027,United Kingdom
536409,21754,HOME BUILDING BLOCK WORD,10,04/19/2011 11:00,5.95,UK1028,United Kingdom
536409,21730,GLASS STAR FROSTED T-LIGHT HOLDER,6,04/19/2011 11:00,4.25,UK1028,United Kingdom
536410,22752,SET 7 BABUSHKA NESTING BOXES,5,06-02-2011 13:00,7.65,UK1000,United Kingdom
536410,21754,HOME BUILDING BLOCK WORD,8,06-02-2011 13:00,5.95,UK1000,United Kingdom
536410,84029G,KNITTED UNION FLAG HOT WATER BOTTLE,16,06-02-2011 13:00,3.75,UK1000,United Kingdom
536410,85123A,WHITE HANGING HEART T-LIGHT HOLDER,19,06-02-2011 13:00,2.55,UK1000,United Kingdom
536411,21754,HOME BUILDING BLOCK WORD,35,03-09-2011 16:00,5.95,UK1015,United Kingdom
536412,22752,SET 7 BABUSHKA NESTING BOXES,3,08-07-2011 16:00,7.65,UK1016,United Kingdom
536412,21212,PACK OF 72 RETROSPOT CAKE CASES,39,08-07-2011 16:00,0.55,UK1016,United Kingdom
536412,84406B,CREAM CUPID HEARTS COAT HANGER,19,08-07-2011 16:00,2.75,UK1016,United Kingdom
536413,22632,HAND WARMER RED POLKA DOT,6,06/13/2011 08:00,1.85,UK1022,United Kingdom
536413,21754,HOME BUILDING BLOCK WORD,25,06/13/2011 08:00,5.95,UK1022,United Kingdom
536413,85123A,WHITE HANGING HEART T-LIGHT HOLDER,12,06/13/2011 08:00,2.55,UK1022,United Kingdom
536414,22423,REGENCY CAKESTAND 3 TIER,35,06/19/2011 15:00,12.75,UK1039,United Kingdom
536415,84029G,KNITTED UNION FLAG HOT WATER BOTTLE,23,07/27/2011 18:00,3.75,UK1012,United Kingdom
536416,22632,HAND WARMER RED POLKA DOT,11,09-07-2011 12:00,1.85,UK1027,United Kingdom
536416,84406B,CREAM CUPID HEARTS COAT HANGER,13,09-07-2011 12:00,2.75,UK1027,United Kingdom
536416,21730,GLASS STAR FROSTED T-LIGHT HOLDER,24,09-07-2011 12:00,4.25,UK1027,United Kingdom
536416,85123A,WHITE HANGING HEART T-LIGHT HOLDER,12,09-07-2011 12:00,2.55,UK1027,United Kingdom
536416,84029E,RED WOOLLY HOTTIE WHITE HEART,7,09-07-2011 12:00,3.39,UK1027,United Kingdom
536417,20725,LUNCH BAG RED RETROSPOT,24,02/24/2011 12:00,1.65,UK1008,United Kingdom
536418,84029E,RED WOOLLY HOTTIE WHITE HEART,17,05/14/2011 13:00,3.39,UK1003,United Kingdom
536418,21730,GLASS STAR FROSTED T-LIGHT HOLDER,34,05/14/2011 13:00,4.25,UK1003,United Kingdom
536419,71053,WHITE METAL LANTERN,16,03-06-2011 18:00,3.39,UK1035,United Kingdom
536419,22752,SET 7 BABUSHKA NESTING BOXES,1,03-06-2011 18:00,7.65,UK1035,United Kingdom
536419,84029E,RED WOOLLY HOTTIE WHITE HEART,6,03-06-2011 18:00,3.39,UK1035,United Kingdom
536419,21212,PACK OF 72 RETROSPOT CAKE CASES,8,03-06-2011 18:00,0.55,UK1035,United Kingdom
536419,22423,REGENCY CAKESTAND 3 TIER,40,03-06-2011 18:00,12.75,UK1035,United Kingdom
536420,21212,PACK OF 72 RETROSPOT CAKE CASES,27,08/17/2011 14:00,0.55,UK1006,United Kingdom
536420,84406B,CREAM CUPID HEARTS COAT HANGER,14,08/17/2011 14:00,2.75,UK1006,United Kingdom
536420,47566,PARTY BUNTING,16,08/17/2011 14:00,4.95,UK1006,United Kingdom
536421,84406B,CREAM CUPID HEARTS COAT HANGER,27,08-05-2011 10:00,2.75,UK1000,United Kingdom
536422,47566,PARTY BUNTING,601,07/22/2011 12:00,4.95,UK1010,United Kingdom
536423,22423,REGENCY CAKESTAND 3 TIER,22,10/22/2011 08:00,12.75,UK1017,United Kingdom
536423,84029G,KNITTED UNION FLAG HOT WATER BOTTLE,2,10/22/2011 08:00,3.75,UK1017,United Kingdom
536423,84029E,RED WOOLLY HOTTIE WHITE HEART,10,10/22/2011 08:00,3.39,UK1017,United Kingdom
536423,21754,HOME BUILDING BLOCK WORD,20,10/22/2011 08:00,5.95,UK1017,United Kingdom
536423,84879,ASSORTED COLOUR BIRD ORNAMENT,19,10/22/2011 08:00,1.69,UK1017,United Kingdom
536424,85123A,WHITE HANGING HEART T-LIGHT HOLDER,4,08-10-2011 11:00,2.55,UK1012,United Kingdom
536424,21730,GLASS STAR FROSTED T-LIGHT HOLDER,36,08-10-2011 11:00,4.25,UK1012,United Kingdom
536424,71053,WHITE METAL LANTERN,15,08-10-2011 11:00,3.39,UK1012,United Kingdom
536424,84406B,CREAM CUPID HEARTS COAT HANGER,5,08-10-2011 11:00,2.75,UK1012,United Kingdom
536425,84879,ASSORTED COLOUR BIRD ORNAMENT,24,10/27/2011 11:00,1.69,UK1028,United Kingdom
536425,22423,REGENCY CAKESTAND 3 TIER,5,10/27/2011 11:00,12.75,UK1028,United Kingdom
536425,21730,GLASS STAR FROSTED T-LIGHT HOLDER,14,10/27/2011 11:00,4.25,UK1028,United Kingdom
536425,47566,PARTY BUNTING,6,10/27/2011 11:00,4.95,UK1028,United Kingdom
536426,22423,REGENCY CAKESTAND 3 TIER,10,01/25/2011 16:00,12.75,UK1028,United Kingdom
536426,85123A,WHITE HANGING HEART T-LIGHT HOLDER,34,01/25/2011 16:00,2.55,UK1028,United Kingdom
536426,84029G,KNITTED UNION FLAG HOT WATER BOTTLE,7,01/25/2011 16:00,3.75,UK1028,United Kingdom
536427,21730,GLASS STAR FROSTED T-LIGHT HOLDER,28,08-02-2011 15:00,4.25,UK1003,United Kingdom
536427,22752,SET 7 BABUSHKA NESTING BOXES,7,08-02-2011 15:00,7.65,UK1003,United Kingdom
536427,21212,PACK OF 72 RETROSPOT CAKE CASES,6,08-02-2011 15:00,0.55,UK1003,United Kingdom
536427,84406B,CREAM CUPID HEARTS COAT HANGER,3,08-02-2011 15:00,2.75,UK1003,United Kingdom
536427,21754,HOME BUILDING BLOCK WORD,14,08-02-2011 15:00,5.95,UK1003,United Kingdom
536428,84029E,RED WOOLLY HOTTIE WHITE HEART,12,03/14/2011 18:00,3.39,UK1009,United Kingdom
536428,22752,SET 7 BABUSHKA NESTING BOXES,35,03/14/2011 18:00,7.65,UK1009,United Kingdom
536428,22632,HAND WARMER RED POLKA DOT,34,03/14/2011 18:00,1.85,UK1009,United Kingdom
536428,21730,GLASS STAR FROSTED T-LIGHT HOLDER,36,03/14/2011 18:00,4.25,UK1009,United Kingdom
536428,20725,LUNCH BAG RED RETROSPOT,6,03/14/2011 18:00,1.65,UK1009,United Kingdom
536429,22632,HAND WARMER RED POLKA DOT,39,10/28/2011 17:00,1.85,UK1000,United Kingdom
536429,21754,HOME BUILDING BLOCK WORD,7,10/28/2011 17:00,5.95,UK1000,United Kingdom
536430,22633,HAND WARMER UNION JACK,19,05-10-2011 18:00,1.85,UK1029,United Kingdom
536430,85123A,WHITE HANGING HEART T-LIGHT HOLDER,35,05-10-2011 18:00,2.55,UK1029,United Kingdom
536430,22752,SET 7 BABUSHKA NESTING BOXES,37,05-10-2011 18:00,7.65,UK1029,United Kingdom
536430,84029E,RED WOOLLY HOTTIE WHITE HEART,38,05-10-2011 18:00,3.39,UK1029,United Kingdom
536430,20725,LUNCH BAG RED RETROSPOT,22,05-10-2011 18:00,1.65,UK1029,United Kingdom
536431,85123A,WHITE HANGING HEART T-LIGHT HOLDER,24,03/31/2011 08:00,2.55,UK1012,United Kingdom
536431,84879,ASSORTED COLOUR BIRD ORNAMENT,27,03/31/2011 08:00,1.69,UK1012,United Kingdom
536431,71053,WHITE METAL LANTERN,12,03/31/2011 08:00,3.39,UK1012,United Kingdom
536432,21730,GLASS STAR FROSTED T-LIGHT HOLDER,32,02-10-2011 11:00,4.25,UK1006,United Kingdom
536432,84406B,CREAM CUPID HEARTS COAT HANGER,34,02-10-2011 11:00,2.75,UK1006,United Kingdom
536432,22632,HAND WARMER RED POLKA DOT,15,02-10-2011 11:00,1.85,UK1006,United Kingdom
536432,21212,PACK OF 72 RETROSPOT CAKE CASES,34,02-10-2011 11:00,0.55,UK1006,United Kingdom
536432,71053,WHITE METAL LANTERN,32,02-10-2011 11:00,3.39,UK1006,United Kingdom
536433,21754,HOME BUILDING BLOCK WORD,31,06/14/2011 17:00,5.95,UK1021,United Kingdom
536433,20725,LUNCH BAG RED RETROSPOT,12,06/14/2011 17:00,1.65,UK1021,United Kingdom
536433,21212,PACK OF 72 RETROSPOT CAKE CASES,16,06/14/2011 17:00,0.55,UK1021,United Kingdom
536433,84029E,RED WOOLLY HOTTIE WHITE HEART,7,06/14/2011 17:00,3.39,UK1021,United Kingdom
536434,20725,LUNCH BAG RED RETROSPOT,11,09/25/2011 10:00,1.65,UK1003,United Kingdom
536434,85123A,WHITE HANGING HEART T-LIGHT HOLDER,26,09/25/2011 10:00,2.55,UK1003,United Kingdom
536434,84406B,CREAM CUPID HEARTS COAT HANGER,12,09/25/2011 10:00,2.75,UK1003,United Kingdom
536435,21754,HOME BUILDING BLOCK WORD,1,05-11-2011 16:00,5.95,UK1035,United Kingdom
536435,22633,HAND WARMER UNION JACK,31,05-11-2011 16:00,1.85,UK1035,United Kingdom
536436,21212,PACK OF 72 RETROSPOT CAKE CASES,31,05/25/2011 13:00,0.55,UK1009,United Kingdom
536436,22633,HAND WARMER UNION JACK,26,05/25/2011 13:00,1.85,UK1009,United Kingdom
536436,84029G,KNITTED UNION FLAG HOT WATER BOTTLE,21,05/25/2011 13:00,3.75,UK1009,United Kingdom
536436,71053,WHITE METAL LANTERN,4,05/25/2011 13:00,3.39,UK1009,United Kingdom
536436,21730,GLASS STAR FROSTED T-LIGHT HOLDER,28,05/25/2011 13:00,4.25,UK1009,United Kingdom
536437,22633,HAND WARMER UNION JACK,23,02/18/2011 13:00,1.85,UK1026,United Kingdom
536437,85123A,WHITE HANGING HEART T-LIGHT HOLDER,24,02/18/2011 13:00,2.55,UK1026,United Kingdom
536437,71053,WHITE METAL LANTERN,21,02/18/2011 13:00,3.39,UK1026,United Kingdom
536437,47566,PARTY BUNTING,16,02/18/2011 13:00,4.95,UK1026,United Kingdom
536438,22423,REGENCY CAKESTAND 3 TIER,29,10/18/2011 15:00,12.75,UK1035,United Kingdom
536438,22752,SET 7 BABUSHKA NESTING BOXES,13,10/18/2011 15:00,7.65,UK1035,United Kingdom
536438,21212,PACK OF 72 RETROSPOT CAKE CASES,31,10/18/2011 15:00,0.55,UK1035,United Kingdom
536438,84029G,KNITTED UNION FLAG HOT WATER BOTTLE,28,10/18/2011 15:00,3.75,UK1035,United Kingdom
536438,85123A,WHITE HANGING HEART T-LIGHT HOLDER,1,10/18/2011 15:00,2.55,UK1035,United Kingdom
536439,22632,HAND WARMER RED POLKA DOT,14,03-09-2011 12:00,1.85,UK1022,United Kingdom
536439,84029E,RED WOOLLY HOTTIE WHITE HEART,4,03-09-2011 12:00,3.39,UK1022,United Kingdom
536439,21212,PACK OF 72 RETROSPOT CAKE CASES,8,03-09-2011 12:00,0.55,UK1022,United Kingdom
536440,84879,ASSORTED COLOUR BIRD ORNAMENT,27,03-10-2011 16:00,1.69,UK1035,United Kingdom
536441,84406B,CREAM CUPID HEARTS COAT HANGER,27,09/16/2011 09:00,2.75,UK1025,United Kingdom
536441,22752,SET 7 BABUSHKA NESTING BOXES,32,09/16/2011 09:00,7.65,UK1025,United Kingdom
536442,22632,HAND WARMER RED POLKA DOT,6,07/25/2011 09:00,1.85,UK1007,United Kingdom
536442,21730,GLASS STAR FROSTED T-LIGHT HOLDER,8,07/25/2011 09:00,4.25,UK1007,United Kingdom
536442,71053,WHITE METAL LANTERN,24,07/25/2011 09:00,3.39,UK1007,United Kingdom
536443,21730,GLASS STAR FROSTED T-LIGHT HOLDER,29,04-11-2011 09:00,4.25,UK1011,United Kingdom
536444,85123A,WHITE HANGING HEART T-LIGHT HOLDER,22,08/21/2011 08:00,2.55,UK1027,United Kingdom
536444,71053,WHITE METAL LANTERN,24,08/21/2011 08:00,3.39,UK1027,United Kingdom
536444,84029E,RED WOOLLY HOTTIE WHITE HEART,23,08/21/2011 08:00,3.39,UK1027,United Kingdom
536444,22632,HAND WARMER RED POLKA DOT,5,08/21/2011 08:00,1.85,UK1027,United Kingdom
536445,22633,HAND WARMER UNION JACK,21,04-08-2011 09:00,1.85,UK1021,United Kingdom
536446,22423,REGENCY CAKESTAND 3 TIER,31,04/18/2011 12:00,12.75,UK1002,United Kingdom
536446,84029E,RED WOOLLY HOTTIE WHITE HEART,24,04/18/2011 12:00,3.39,UK1002,United Kingdom
536446,84406B,CREAM CUPID HEARTS COAT HANGER,15,04/18/2011 12:00,2.75,UK1002,United Kingdom
536447,47566,PARTY BUNTING,31,01/21/2011 17:00,4.95,UK1034,United Kingdom
536447,84406B,CREAM CUPID HEARTS COAT HANGER,36,01/21/2011 17:00,2.75,UK1034,United Kingdom
536447,84029G,KNITTED UNION FLAG HOT WATER BOTTLE,15,01/21/2011 17:00,3.75,UK1034,United Kingdom
536447,22752,SET 7 BABUSHKA NESTING BOXES,20,01/21/2011 17:00,7.65,UK1034,United Kingdom
536448,21754,HOME BUILDING BLOCK WORD,18,04/14/2011 15:00,5.95,UK1010,United Kingdom
536448,22752,SET 7 BABUSHKA NESTING BOXES,28,04/14/2011 15:00,7.65,UK1010,United Kingdom
536448,22633,HAND WARMER UNION JACK,19,04/14/2011 15:00,1.85,UK1010,United Kingdom
536448,21212,PACK OF 72 RETROSPOT CAKE CASES,6,04/14/2011 15:00,0.55,UK1010,United Kingdom
536449,47566,PARTY BUNTING,9,08/30/2011 09:00,4.95,UK1025,United Kingdom
536449,22752,SET 7 BABUSHKA NESTING BOXES,15,08/30/2011 09:00,7.65,UK1025,United Kingdom
536449,21730,GLASS STAR FROSTED T-LIGHT HOLDER,4,08/30/2011 09:00,4.25,UK1025,United Kingdom
536449,84879,ASSORTED COLOUR BIRD ORNAMENT,11,08/30/2011 09:00,1.69,UK1025,United Kingdom
536449,22423,REGENCY CAKESTAND 3 TIER,27,08/30/2011 09:00,12.75,UK1025,United Kingdom
536450,84029E,RED WOOLLY HOTTIE WHITE HEART,16,08/19/2011 18:00,3.39,UK1032,United Kingdom
536450,84879,ASSORTED COLOUR BIRD ORNAMENT,27,08/19/2011 18:00,1.69,UK1032,United Kingdom
536450,84029G,KNITTED UNION FLAG HOT WATER BOTTLE,6,08/19/2011 18:00,3.75,UK1032,United Kingdom
536450,20725,LUNCH BAG RED RETROSPOT,38,08/19/2011 18:00,1.65,UK1032,United Kingdom
536450,84406B,CREAM CUPID HEARTS COAT HANGER,25,08/19/2011 18:00,2.75,UK1032,United Kingdom
536451,22423,REGENCY CAKESTAND 3 TIER,38,02-05-2011 13:00,12.75,UK1035,United Kingdom
536451,21212,PACK OF 72 RETROSPOT CAKE CASES,9,02-05-2011 13:00,0.55,UK1035,United Kingdom
536451,84406B,CREAM CUPID HEARTS COAT HANGER,9,02-05-2011 13:00,2.75,UK1035,United Kingdom
536451,21754,HOME BUILDING BLOCK WORD,20,02-05-2011 13:00,5.95,UK1035,United Kingdom
536452,84029E,RED WOOLLY HOTTIE WHITE HEART,19,03/24/2011 10:00,3.39,UK1026,United Kingdom
536452,84879,ASSORTED COLOUR BIRD ORNAMENT,13,03/24/2011 10:00,1.69,UK1026,United Kingdom
536452,84029G,KNITTED UNION FLAG HOT WATER BOTTLE,38,03/24/2011 10:00,3.75,UK1026,United Kingdom
536452,47566,PARTY BUNTING,39,03/24/2011 10:00,4.95,UK1026,United Kingdom
536453,22633,HAND WARMER UNION JACK,11,06-11-2011 11:00,1.85,UK1003,United Kingdom
536453,85123A,WHITE HANGING HEART T-LIGHT HOLDER,21,06-11-2011 11:00,2.55,UK1003,United Kingdom
536453,84406B,CREAM CUPID HEARTS COAT HANGER,3,06-11-2011 11:00,2.75,UK1003,United Kingdom
536453,21754,HOME BUILDING BLOCK WORD,7,06-11-2011 11:00,5.95,UK1003,United Kingdom
536453,22752,SET 7 BABUSHKA NESTING BOXES,16,06-11-2011 11:00,7.65,UK1003,United Kingdom
536454,84406B,CREAM CUPID HEARTS COAT HANGER,28,06/30/2011 11:00,2.75,UK1002,United Kingdom
536455,85123A,WHITE HANGING HEART T-LIGHT HOLDER,10,02/21/2011 16:00,2.55,UK1011,United Kingdom
536455,84879,ASSORTED COLOUR BIRD ORNAMENT,16,02/21/2011 16:00,1.69,UK1011,United Kingdom
536455,21212,PACK OF 72 RETROSPOT CAKE CASES,20,02/21/2011 16:00,0.55,UK1011,United Kingdom
536455,84029G,KNITTED UNION FLAG HOT WATER BOTTLE,11,02/21/2011 16:00,3.75,UK1011,United Kingdom
536455,21754,HOME BUILDING BLOCK WORD,29,02/21/2011 16:00,5.95,UK1011,United Kingdom
536456,85123A,WHITE HANGING HEART T-LIGHT HOLDER,39,10/28/2011 13:00,2.55,UK1008,United Kingdom
536456,84879,ASSORTED COLOUR BIRD ORNAMENT,11,10/28/2011 13:00,1.69,UK1008,United Kingdom
536456,22633,HAND WARMER UNION JACK,37,10/28/2011 13:00,1.85,UK1008,United Kingdom
536456,84029E,RED WOOLLY HOTTIE WHITE HEART,10,10/28/2011 13:00,3.39,UK1008,United Kingdom
536457,22632,HAND WARMER RED POLKA DOT,13,05-01-2011 12:00,1.85,UK1012,United Kingdom
536457,84406B,CREAM CUPID HEARTS COAT HANGER,11,05-01-2011 12:00,2.75,UK1012,United Kingdom
536457,21212,PACK OF 72 RETROSPOT CAKE CASES,34,05-01-2011 12:00,0.55,UK1012,United Kingdom
536457,84879,ASSORTED COLOUR BIRD ORNAMENT,11,05-01-2011 12:00,1.69,UK1012,United Kingdom
536458,84029E,RED WOOLLY HOTTIE WHITE HEART,2,09/16/2011 09:00,3.39,UK1014,United Kingdom
536459,21212,PACK OF 72 RETROSPOT CAKE CASES,5,07/30/2011 11:00,0.55,UK1031,United Kingdom
536459,21754,HOME BUILDING BLOCK WORD,18,07/30/2011 11:00,5.95,UK1031,United Kingdom
536459,84029G,KNITTED UNION FLAG HOT WATER BOTTLE,17,07/30/2011 11:00,3.75,UK1031,United Kingdom
536459,84879,ASSORTED COLOUR BIRD ORNAMENT,36,07/30/2011 11:00,1.69,UK1031,United Kingdom
536459,21730,GLASS STAR FROSTED T-LIGHT HOLDER,20,07/30/2011 11:00,4.25,UK1031,United Kingdom
536460,84029G,KNITTED UNION FLAG HOT WATER BOTTLE,20,05-04-2011 10:00,3.75,UK1017,United Kingdom
536460,20725,LUNCH BAG RED RETROSPOT,32,05-04-2011 10:00,1.65,UK1017,United Kingdom
536460,85123A,WHITE HANGING HEART T-LIGHT HOLDER,5,05-04-2011 10:00,2.55,UK1017,United Kingdom
536460,21212,PACK OF 72 RETROSPOT CAKE CASES,12,05-04-2011 10:00,0.55,UK1017,United Kingdom
536460,71053,WHITE METAL LANTERN,30,05-04-2011 10:00,3.39,UK1017,United Kingdom
536461,22632,HAND WARMER RED POLKA DOT,10,09/19/2011 09:00,1.85,UK1020,United Kingdom
536461,84029E,RED WOOLLY HOTTIE WHITE HEART,17,09/19/2011 09:00,3.39,UK1020,United Kingdom
536461,71053,WHITE METAL LANTERN,22,09/19/2011 09:00,3.39,UK1020,United Kingdom
536461,22633,HAND WARMER UNION JACK,9,09/19/2011 09:00,1.85,UK1020,United Kingdom
536462,22423,REGENCY CAKESTAND 3 TIER,23,08/31/2011 12:00,12.75,UK1028,United Kingdom
536463,20725,LUNCH BAG RED RETROSPOT,34,03-08-2011 11:00,1.65,UK1023,United Kingdom
536463,22423,REGENCY CAKESTAND 3 TIER,6,03-08-2011 11:00,12.75,UK1023,United Kingdom
536463,84029E,RED WOOLLY HOTTIE WHITE HEART,7,03-08-2011 11:00,3.39,UK1023,United Kingdom
536464,22633,HAND WARMER UNION JACK,22,06/30/2011 13:00,1.85,UK1000,United Kingdom
536464,21730,GLASS STAR FROSTED T-LIGHT HOLDER,14,06/30/2011 13:00,4.25,UK1000,United Kingdom
536464,84406B,CREAM CUPID HEARTS COAT HANGER,29,06/30/2011 13:00,2.75,UK1000,United Kingdom
536464,21754,HOME BUILDING BLOCK WORD,10,06/30/2011 13:00,5.95,UK1000,United Kingdom
536465,21730,GLASS STAR FROSTED T-LIGHT HOLDER,24,05-08-2011 14:00,4.25,UK1035,United Kingdom
536465,84406B,CREAM CUPID HEARTS COAT HANGER,26,05-08-2011 14:00,2.75,UK1035,United Kingdom
536465,84029E,RED WOOLLY HOTTIE WHITE HEART,35,05-08-2011 14:00,3.39,UK1035,United Kingdom
536466,84029G,KNITTED UNION FLAG HOT WATER BOTTLE,39,01-06-2011 11:00,3.75,UK1027,United Kingdom
536466,21212,PACK OF 72 RETROSPOT CAKE CASES,23,01-06-2011 11:00,0.55,UK1027,United Kingdom
536466,84879,ASSORTED COLOUR BIRD ORNAMENT,29,01-06-2011 11:00,1.69,UK1027,United Kingdom
536466,20725,LUNCH BAG RED RETROSPOT,40,01-06-2011 11:00,1.65,UK1027,United Kingdom
536467,22752,SET 7 BABUSHKA NESTING BOXES,17,01-05-2011 18:00,7.65,UK1020,United Kingdom
536467,22633,HAND WARMER UNION JACK,9,01-05-2011 18:00,1.85,UK1020,United Kingdom
536467,21212,PACK OF 72 RETROSPOT CAKE CASES,18,01-05-2011 18:00,0.55,UK1020,United Kingdom
536467,85123A,WHITE HANGING HEART T-LIGHT HOLDER,12,01-05-2011 18:00,2.55,UK1020,United Kingdom
536468,84029G,KNITTED UNION FLAG HOT WATER BOTTLE,18,04-07-2011 18:00,3.75,UK1031,United Kingdom
536468,22632,HAND WARMER RED POLKA DOT,26,04-07-2011 18:00,1.85,UK1031,United Kingdom
536469,84879,ASSORTED COLOUR BIRD ORNAMENT,9,09-03-2011 08:00,1.69,UK1035,United Kingdom
536469,21730,GLASS STAR FROSTED T-LIGHT HOLDER,5,09-03-2011 08:00,4.25,UK1035,United Kingdom
536469,84029E,RED WOOLLY HOTTIE WHITE HEART,15,09-03-2011 08:00,3.39,UK1035,United Kingdom
536469,22423,REGENCY CAKESTAND 3 TIER,29,09-03-2011 08:00,12.75,UK1035,United Kingdom
536470,21730,GLASS STAR FROSTED T-LIGHT HOLDER,30,02/20/2011 13:00,4.25,UK1019,United Kingdom
536470,84029E,RED WOOLLY HOTTIE WHITE HEART,35,02/20/2011 13:00,3.39,UK1019,United Kingdom
536471,84406B,CREAM CUPID HEARTS COAT HANGER,15,01/24/2011 08:00,2.75,UK1030,United Kingdom
536471,22633,HAND WARMER UNION JACK,7,01/24/2011 08:00,1.85,UK1030,United Kingdom
536472,47566,PARTY BUNTING,15,09/14/2011 08:00,4.95,UK1033,United Kingdom
536472,84879,ASSORTED COLOUR BIRD ORNAMENT,2,09/14/2011 08:00,1.69,UK1033,United Kingdom
536472,21754,HOME BUILDING BLOCK WORD,5,09/14/2011 08:00,5.95,UK1033,United Kingdom
536472,22752,SET 7 BABUSHKA NESTING BOXES,5,09/14/2011 08:00,7.65,UK1033,United Kingdom
536472,84406B,CREAM CUPID HEARTS COAT HANGER,33,09/14/2011 08:00,2.75,UK1033,United Kingdom
536473,21212,PACK OF 72 RETROSPOT CAKE CASES,26,09/19/2011 15:00,0.55,UK1034,United Kingdom
536473,22633,HAND WARMER UNION JACK,13,09/19/2011 15:00,1.85,UK1034,United Kingdom
536473,84029E,RED WOOLLY HOTTIE WHITE HEART,34,09/19/2011 15:00,3.39,UK1034,United Kingdom
536473,20725,LUNCH BAG RED RETROSPOT,40,09/19/2011 15:00,1.65,UK1034,United Kingdom
536473,84029G,KNITTED UNION FLAG HOT WATER BOTTLE,14,09/19/2011 15:00,3.75,UK1034,United Kingdom
536474,20725,LUNCH BAG RED RETROSPOT,19,01/21/2011 18:00,1.65,UK1012,United Kingdom
536474,84029G,KNITTED UNION FLAG HOT WATER BOTTLE,9,01/21/2011 18:00,3.75,UK1012,United Kingdom
536474,21212,PACK OF 72 RETROSPOT CAKE CASES,35,01/21/2011 18:00,0.55,UK1012,United Kingdom
536474,84029E,RED WOOLLY HOTTIE WHITE HEART,26,01/21/2011 18:00,3.39,UK1012,United Kingdom
536474,22423,REGENCY CAKESTAND 3 TIER,21,01/21/2011 18:00,12.75,UK1012,United Kingdom
536475,22752,SET 7 BABUSHKA NESTING BOXES,24,05-10-2011 10:00,7.65,UK1008,United Kingdom
536476,22752,SET 7 BABUSHKA NESTING BOXES,37,08/16/2011 08:00,7.65,UK1006,United Kingdom
536477,84406B,CREAM CUPID HEARTS COAT HANGER,20,07/23/2011 13:00,2.75,UK1002,United Kingdom
536478,21212,PACK OF 72 RETROSPOT CAKE CASES,31,05-09-2011 15:00,0.55,UK1026,United Kingdom
536478,84029E,RED WOOLLY HOTTIE WHITE HEART,38,05-09-2011 15:00,3.39,UK1026,United Kingdom
536478,84029G,KNITTED UNION FLAG HOT WATER BOTTLE,17,05-09-2011 15:00,3.75,UK1026,United Kingdom
536478,84879,ASSORTED COLOUR BIRD ORNAMENT,32,05-09-2011 15:00,1.69,UK1026,United Kingdom
536478,22752,SET 7 BABUSHKA NESTING BOXES,24,05-09-2011 15:00,7.65,UK1026,United Kingdom
536479,22633,HAND WARMER UNION JACK,9,10/30/2011 13:00,1.85,UK1032,United Kingdom
536479,20725,LUNCH BAG RED RETROSPOT,10,10/30/2011 13:00,1.65,UK1032,United Kingdom
536480,21730,GLASS STAR FROSTED T-LIGHT HOLDER,14,01/29/2011 18:00,4.25,UK1027,United Kingdom
536480,21212,PACK OF 72 RETROSPOT CAKE CASES,22,01/29/2011 18:00,0.55,UK1027,United Kingdom
536480,22633,HAND WARMER UNION JACK,2,01/29/2011 18:00,1.85,UK1027,United Kingdom
536481,84406B,CREAM CUPID HEARTS COAT HANGER,33,04/30/2011 10:00,2.75,UK1013,United Kingdom
536481,84029E,RED WOOLLY HOTTIE WHITE HEART,25,04/30/2011 10:00,3.39,UK1013,United Kingdom
536481,84029G,KNITTED UNION FLAG HOT WATER BOTTLE,25,04/30/2011 10:00,3.75,UK1013,United Kingdom
536481,21730,GLASS STAR FROSTED T-LIGHT HOLDER,13,04/30/2011 10:00,4.25,UK1013,United Kingdom
536481,20725,LUNCH BAG RED RETROSPOT,1,04/30/2011 10:00,1.65,UK1013,United Kingdom
536482,84029G,KNITTED UNION FLAG HOT WATER BOTTLE,22,04/30/2011 18:00,3.75,UK1004,United Kingdom
536482,85123A,WHITE HANGING HEART T-LIGHT HOLDER,22,04/30/2011 18:00,2.55,UK1004,United Kingdom
536483,20725,LUNCH BAG RED RETROSPOT,12,07/23/2011 14:00,1.65,UK1013,United Kingdom
536483,71053,WHITE METAL LANTERN,37,07/23/2011 14:00,3.39,UK1013,United Kingdom
536483,22632,HAND WARMER RED POLKA DOT,28,07/23/2011 14:00,1.85,UK1013,United Kingdom
536483,84029E,RED WOOLLY HOTTIE WHITE HEART,12,07/23/2011 14:00,3.39,UK1013,United Kingdom
536483,21212,PACK OF 72 RETROSPOT CAKE CASES,21,07/23/2011 14:00,0.55,UK1013,United Kingdom
536484,84879,ASSORTED COLOUR BIRD ORNAMENT,30,07-06-2011 16:00,1.69,UK1014,United Kingdom
536484,21212,PACK OF 72 RETROSPOT CAKE CASES,8,07-06-2011 16:00,0.55,UK1014,United Kingdom
536484,85123A,WHITE HANGING HEART T-LIGHT HOLDER,2,07-06-2011 16:00,2.55,UK1014,United Kingdom
536484,84406B,CREAM CUPID HEARTS COAT HANGER,32,07-06-2011 16:00,2.75,UK1014,United Kingdom
536484,21730,GLASS STAR FROSTED T-LIGHT HOLDER,2,07-06-2011 16:00,4.25,UK1014,United Kingdom
536485,84406B,CREAM CUPID HEARTS COAT HANGER,13,02-05-2011 10:00,2.75,FR2006,France
536486,22633,HAND WARMER UNION JACK,511,05-07-2011 11:00,1.85,FR2004,France
536486,85123A,WHITE HANGING HEART T-LIGHT HOLDER,568,05-07-2011 11:00,2.55,FR2004,France
536487,22423,REGENCY CAKESTAND 3 TIER,8,03/15/2011 10:00,12.75,FR2008,France
536487,22633,HAND WARMER UNION JACK,28,03/15/2011 10:00,1.85,FR2008,France
536487,84879,ASSORTED COLOUR BIRD ORNAMENT,7,03/15/2011 10:00,1.69,FR2008,France
536487,21212,PACK OF 72 RETROSPOT CAKE CASES,30,03/15/2011 10:00,0.55,FR2008,France
536488,84406B,CREAM CUPID HEARTS COAT HANGER,38,07-02-2011 18:00,2.75,FR2001,France
536489,84029G,KNITTED UNION FLAG HOT WATER BOTTLE,6,05-02-2011 16:00,3.75,FR2008,France
536489,20725,LUNCH BAG RED RETROSPOT,18,05-02-2011 16:00,1.65,FR2008,France
536490,84029G,KNITTED UNION FLAG HOT WATER BOTTLE,24,06-09-2011 09:00,3.75,FR2009,France
536490,85123A,WHITE HANGING HEART T-LIGHT HOLDER,24,06-09-2011 09:00,2.55,FR2009,France
536491,85123A,WHITE HANGING HEART T-LIGHT HOLDER,18,05-06-2011 16:00,2.55,FR2001,France
536491,21754,HOME BUILDING BLOCK WORD,6,05-06-2011 16:00,5.95,FR2001,France
536491,71053,WHITE METAL LANTERN,34,05-06-2011 16:00,3.39,FR2001,France
536492,22752,SET 7 BABUSHKA NESTING BOXES,30,09/25/2011 14:00,7.65,FR2010,France
536492,47566,PARTY BUNTING,40,09/25/2011 14:00,4.95,FR2010,France
536493,85123A,WHITE HANGING HEART T-LIGHT HOLDER,7,10/15/2011 14:00,2.55,FR2003,France
536493,71053,WHITE METAL LANTERN,31,10/15/2011 14:00,3.39,FR2003,France
536493,21754,HOME BUILDING BLOCK WORD,26,10/15/2011 14:00,5.95,FR2003,France
536493,20725,LUNCH BAG RED RETROSPOT,13,10/15/2011 14:00,1.65,FR2003,France
536494,22423,REGENCY CAKESTAND 3 TIER,37,10-02-2011 08:00,12.75,FR2008,France
536494,21212,PACK OF 72 RETROSPOT CAKE CASES,11,10-02-2011 08:00,0.55,FR2008,France
536494,84029G,KNITTED UNION FLAG HOT WATER BOTTLE,40,10-02-2011 08:00,3.75,FR2008,France
536494,22752,SET 7 BABUSHKA NESTING BOXES,38,10-02-2011 08:00,7.65,FR2008,France
536494,84406B,CREAM CUPID HEARTS COAT HANGER,20,10-02-2011 08:00,2.75,FR2008,France
536495,47566,PARTY BUNTING,33,02-05-2011 15:00,4.95,FR2004,France
536496,22752,SET 7 BABUSHKA NESTING BOXES,40,05/18/2011 14:00,7.65,FR2001,France
536496,71053,WHITE METAL LANTERN,35,05/18/2011 14:00,3.39,FR2001,France
536496,84406B,CREAM CUPID HEARTS COAT HANGER,39,05/18/2011 14:00,2.75,FR2001,France
536496,22633,HAND WARMER UNION JACK,40,05/18/2011 14:00,1.85,FR2001,France
536497,20725,LUNCH BAG RED RETROSPOT,37,10-04-2011 16:00,1.65,FR2004,France
536497,22633,HAND WARMER UNION JACK,19,10-04-2011 16:00,1.85,FR2004,France
536497,21212,PACK OF 72 RETROSPOT CAKE CASES,11,10-04-2011 16:00,0.55,FR2004,France
536498,22752,SET 7 BABUSHKA NESTING BOXES,16,04/28/2011 18:00,7.65,FR2003,France
536498,71053,WHITE METAL LANTERN,29,04/28/2011 18:00,3.39,FR2003,France
536498,47566,PARTY BUNTING,26,04/28/2011 18:00,4.95,FR2003,France
536498,22633,HAND WARMER UNION JACK,16,04/28/2011 18:00,1.85,FR2003,France
536499,22632,HAND WARMER RED POLKA DOT,18,07/22/2011 12:00,1.85,FR2011,France
536499,21754,HOME BUILDING BLOCK WORD,36,07/22/2011 12:00,5.95,FR2011,France
536499,20725,LUNCH BAG RED RETROSPOT,38,07/22/2011 12:00,1.65,FR2011,France
536500,22633,HAND WARMER UNION JACK,9,01/13/2011 16:00,1.85,FR2008,France
536501,22423,REGENCY CAKESTAND 3 TIER,6,08-11-2011 10:00,12.75,FR2007,France
536501,71053,WHITE METAL LANTERN,7,08-11-2011 10:00,3.39,FR2007,France
536501,84029E,RED WOOLLY HOTTIE WHITE HEART,40,08-11-2011 10:00,3.39,FR2007,France
536501,84406B,CREAM CUPID HEARTS COAT HANGER,38,08-11-2011 10:00,2.75,FR2007,France
536502,20725,LUNCH BAG RED RETROSPOT,16,06/25/2011 10:00,1.65,FR2004,France
536502,21212,PACK OF 72 RETROSPOT CAKE CASES,37,06/25/2011 10:00,0.55,FR2004,France
536502,21730,GLASS STAR FROSTED T-LIGHT HOLDER,4,06/25/2011 10:00,4.25,FR2004,France
536503,21754,HOME BUILDING BLOCK WORD,15,07/24/2011 13:00,5.95,FR2008,France
536503,47566,PARTY BUNTING,19,07/24/2011 13:00,4.95,FR2008,France
536503,21212,PACK OF 72 RETROSPOT CAKE CASES,30,07/24/2011 13:00,0.55,FR2008,France
536503,85123A,WHITE HANGING HEART T-LIGHT HOLDER,35,07/24/2011 13:00,2.55,FR2008,France
536504,84029G,KNITTED UNION FLAG HOT WATER BOTTLE,33,08/25/2011 09:00,3.75,FR2003,France
536504,47566,PARTY BUNTING,20,08/25/2011 09:00,4.95,FR2003,France
536505,71053,WHITE METAL LANTERN,27,06/13/2011 10:00,3.39,FR2002,France
536505,21730,GLASS STAR FROSTED T-LIGHT HOLDER,29,06/13/2011 10:00,4.25,FR2002,France
536505,22752,SET 7 BABUSHKA NESTING BOXES,11,06/13/2011 10:00,7.65,FR2002,France
536506,85123A,WHITE HANGING HEART T-LIGHT HOLDER,19,06-01-2011 16:00,2.55,FR2000,France
536506,47566,PARTY BUNTING,20,06-01-2011 16:00,4.95,FR2000,France
536506,22423,REGENCY CAKESTAND 3 TIER,20,06-01-2011 16:00,12.75,FR2000,France
536506,84029G,KNITTED UNION FLAG HOT WATER BOTTLE,4,06-01-2011 16:00,3.75,FR2000,France
536506,22633,HAND WARMER UNION JACK,16,06-01-2011 16:00,1.85,FR2000,France
536507,22752,SET 7 BABUSHKA NESTING BOXES,10,04/29/2011 08:00,7.65,FR2007,France
536508,21754,HOME BUILDING BLOCK WORD,2,10/25/2011 09:00,5.95,FR2006,France
536508,22633,HAND WARMER UNION JACK,36,10/25/2011 09:00,1.85,FR2006,France
536509,21754,HOME BUILDING BLOCK WORD,35,03-07-2011 10:00,5.95,FR2002,France
536509,22632,HAND WARMER RED POLKA DOT,34,03-07-2011 10:00,1.85,FR2002,France
536510,22633,HAND WARMER UNION JACK,34,02-03-2011 09:00,1.85,FR2000,France
536510,20725,LUNCH BAG RED RETROSPOT,33,02-03-2011 09:00,1.65,FR2000,France
536511,71053,WHITE METAL LANTERN,25,04-07-2011 14:00,3.39,FR2005,France
536511,85123A,WHITE HANGING HEART T-LIGHT HOLDER,39,04-07-2011 14:00,2.55,FR2005,France
536511,22423,REGENCY CAKESTAND 3 TIER,22,04-07-2011 14:00,12.75,FR2005,France
536511,84879,ASSORTED COLOUR BIRD ORNAMENT,33,04-07-2011 14:00,1.69,FR2005,France
536512,84406B,CREAM CUPID HEARTS COAT HANGER,12,01/13/2011 16:00,2.75,FR2009,France
536512,84029G,KNITTED UNION FLAG HOT WATER BOTTLE,32,01/13/2011 16:00,3.75,FR2009,France
536513,84879,ASSORTED COLOUR BIRD ORNAMENT,35,07/29/2011 10:00,1.69,FR2000,France
536513,22633,HAND WARMER UNION JACK,30,07/29/2011 10:00,1.85,FR2000,France
536513,21754,HOME BUILDING BLOCK WORD,19,07/29/2011 10:00,5.95,FR2000,France
536514,22633,HAND WARMER UNION JACK,2,03-02-2011 11:00,1.85,FR2002,France
536514,22423,REGENCY CAKESTAND 3 TIER,14,03-02-2011 11:00,12.75,FR2002,France
536514,22752,SET 7 BABUSHKA NESTING BOXES,20,03-02-2011 11:00,7.65,FR2002,France
536514,71053,WHITE METAL LANTERN,32,03-02-2011 11:00,3.39,FR2002,France
536514,84029G,KNITTED UNION FLAG HOT WATER BOTTLE,27,03-02-2011 11:00,3.75,FR2002,France
536515,84029G,KNITTED UNION FLAG HOT WATER BOTTLE,37,09-05-2011 15:00,3.75,FR2000,France
536515,47566,PARTY BUNTING,36,09-05-2011 15:00,4.95,FR2000,France
536516,21212,PACK OF 72 RETROSPOT CAKE CASES,3,07/15/2011 13:00,0.55,FR2009,France
536517,20725,LUNCH BAG RED RETROSPOT,12,09/29/2011 18:00,1.65,FR2003,France
536517,22423,REGENCY CAKESTAND 3 TIER,38,09/29/2011 18:00,12.75,FR2003,France
536517,84029G,KNITTED UNION FLAG HOT WATER BOTTLE,7,09/29/2011 18:00,3.75,FR2003,France
536517,84406B,CREAM CUPID HEARTS COAT HANGER,1,09/29/2011 18:00,2.75,FR2003,France
536517,84029E,RED WOOLLY HOTTIE WHITE HEART,20,09/29/2011 18:00,3.39,FR2003,France
536518,85123A,WHITE HANGING HEART T-LIGHT HOLDER,26,05/17/2011 14:00,2.55,FR2008,France
536519,84029E,RED WOOLLY HOTTIE WHITE HEART,12,10/25/2011 13:00,3.39,FR2006,France
536519,22633,HAND WARMER UNION JACK,6,10/25/2011 13:00,1.85,FR2006,France
536519,21754,HOME BUILDING BLOCK WORD,28,10/25/2011 13:00,5.95,FR2006,France
536519,47566,PARTY BUNTING,6,10/25/2011 13:00,4.95,FR2006,France
536519,21730,GLASS STAR FROSTED T-LIGHT HOLDER,24,10/25/2011 13:00,4.25,FR2006,France
536520,84406B,CREAM CUPID HEARTS COAT HANGER,24,01/31/2011 08:00,2.75,FR2003,France
536520,84879,ASSORTED COLOUR BIRD ORNAMENT,38,01/31/2011 08:00,1.69,FR2003,France
536520,21212,PACK OF 72 RETROSPOT CAKE CASES,18,01/31/2011 08:00,0.55,FR2003,France
536520,71053,WHITE METAL LANTERN,37,01/31/2011 08:00,3.39,FR2003,France
536521,22633,HAND WARMER UNION JACK,25,10-05-2011 10:00,1.85,DE3004,Germany
536521,47566,PARTY BUNTING,2,10-05-2011 10:00,4.95,DE3004,Germany
536521,22632,HAND WARMER RED POLKA DOT,5,10-05-2011 10:00,1.85,DE3004,Germany
536521,85123A,WHITE HANGING HEART T-LIGHT HOLDER,35,10-05-2011 10:00,2.55,DE3004,Germany
536521,84029E,RED WOOLLY HOTTIE WHITE HEART,4,10-05-2011 10:00,3.39,DE3004,Germany
536522,22632,HAND WARMER RED POLKA DOT,35,02/16/2011 12:00,1.85,DE3005,Germany
536523,84406B,CREAM CUPID HEARTS COAT HANGER,22,08/27/2011 16:00,2.75,DE3008,Germany
536524,84406B,CREAM CUPID HEARTS COAT HANGER,27,08-04-2011 12:00,2.75,DE3008,Germany
536524,22632,HAND WARMER RED POLKA DOT,16,08-04-2011 12:00,1.85,DE3008,Germany
536524,84029G,KNITTED UNION FLAG HOT WATER BOTTLE,2,08-04-2011 12:00,3.75,DE3008,Germany
536524,21754,HOME BUILDING BLOCK WORD,11,08-04-2011 12:00,5.95,DE3008,Germany
536524,84879,ASSORTED COLOUR BIRD ORNAMENT,18,08-04-2011 12:00,1.69,DE3008,Germany
536525,84029E,RED WOOLLY HOTTIE WHITE HEART,468,09/16/2011 08:00,3.39,DE3006,Germany
536525,22632,HAND WARMER RED POLKA DOT,755,09/16/2011 08:00,1.85,DE3006,Germany
536525,22423,REGENCY CAKESTAND 3 TIER,589,09/16/2011 08:00,12.75,DE3006,Germany
536526,22423,REGENCY CAKESTAND 3 TIER,38,10-12-2011 13:00,12.75,DE3005,Germany
536526,85123A,WHITE HANGING HEART T-LIGHT HOLDER,12,10-12-2011 13:00,2.55,DE3005,Germany
536526,71053,WHITE METAL LANTERN,21,10-12-2011 13:00,3.39,DE3005,Germany
536526,21212,PACK OF 72 RETROSPOT CAKE CASES,17,10-12-2011 13:00,0.55,DE3005,Germany
536526,20725,LUNCH BAG RED RETROSPOT,13,10-12-2011 13:00,1.65,DE3005,Germany
536527,22633,HAND WARMER UNION JACK,36,06/24/2011 18:00,1.85,DE3008,Germany
536527,84029E,RED WOOLLY HOTTIE WHITE HEART,37,06/24/2011 18:00,3.39,DE3008,Germany
536528,21754,HOME BUILDING BLOCK WORD,23,06/18/2011 18:00,5.95,DE3003,Germany
536528,84879,ASSORTED COLOUR BIRD ORNAMENT,32,06/18/2011 18:00,1.69,DE3003,Germany
536528,22752,SET 7 BABUSHKA NESTING BOXES,32,06/18/2011 18:00,7.65,DE3003,Germany
536528,22423,REGENCY CAKESTAND 3 TIER,4,06/18/2011 18:00,12.75,DE3003,Germany
536529,84406B,CREAM CUPID HEARTS COAT HANGER,8,02/24/2011 14:00,2.75,DE3009,Germany
536529,22632,HAND WARMER RED POLKA DOT,8,02/24/2011 14:00,1.85,DE3009,Germany
536529,84029E,RED WOOLLY HOTTIE WHITE HEART,12,02/24/2011 14:00,3.39,DE3009,Germany
536529,22633,HAND WARMER UNION JACK,32,02/24/2011 14:00,1.85,DE3009,Germany
536529,71053,WHITE METAL LANTERN,23,02/24/2011 14:00,3.39,DE3009,Germany
536530,22752,SET 7 BABUSHKA NESTING BOXES,28,07-07-2011 09:00,7.65,DE3002,Germany
536530,71053,WHITE METAL LANTERN,4,07-07-2011 09:00,3.39,DE3002,Germany
536531,20725,LUNCH BAG RED RETROSPOT,3,08/17/2011 10:00,1.65,DE3011,Germany
536531,84029G,KNITTED UNION FLAG HOT WATER BOTTLE,1,08/17/2011 10:00,3.75,DE3011,Germany
536531,85123A,WHITE HANGING HEART T-LIGHT HOLDER,36,08/17/2011 10:00,2.55,DE3011,Germany
536531,47566,PARTY BUNTING,11,08/17/2011 10:00,4.95,DE3011,Germany
536531,22632,HAND WARMER RED POLKA DOT,8,08/17/2011 10:00,1.85,DE3011,Germany
536532,22423,REGENCY CAKESTAND 3 TIER,21,06/26/2011 08:00,12.75,DE3003,Germany
536532,47566,PARTY BUNTING,4,06/26/2011 08:00,4.95,DE3003,Germany
536532,84029G,KNITTED UNION FLAG HOT WATER BOTTLE,9,06/26/2011 08:00,3.75,DE3003,Germany
536532,22633,HAND WARMER UNION JACK,28,06/26/2011 08:00,1.85,DE3003,Germany
536532,21730,GLASS STAR FROSTED T-LIGHT HOLDER,16,06/26/2011 08:00,4.25,DE3003,Germany
536533,47566,PARTY BUNTING,36,03-08-2011 12:00,4.95,DE3008,Germany
536533,71053,WHITE METAL LANTERN,40,03-08-2011 12:00,3.39,DE3008,Germany
536533,21754,HOME BUILDING BLOCK WORD,6,03-08-2011 12:00,5.95,DE3008,Germany
536533,21212,PACK OF 72 RETROSPOT CAKE CASES,23,03-08-2011 12:00,0.55,DE3008,Germany
536533,22632,HAND WARMER RED POLKA DOT,10,03-08-2011 12:00,1.85,DE3008,Germany
536534,22633,HAND WARMER UNION JACK,11,08/16/2011 16:00,1.85,DE3010,Germany
536534,85123A,WHITE HANGING HEART T-LIGHT HOLDER,2,08/16/2011 16:00,2.55,DE3010,Germany
536534,47566,PARTY BUNTING,25,08/16/2011 16:00,4.95,DE3010,Germany
536534,84029G,KNITTED UNION FLAG HOT WATER BOTTLE,13,08/16/2011 16:00,3.75,DE3010,Germany
536535,84879,ASSORTED COLOUR BIRD ORNAMENT,35,09/25/2011 09:00,1.69,DE3003,Germany
536535,85123A,WHITE HANGING HEART T-LIGHT HOLDER,30,09/25/2011 09:00,2.55,DE3003,Germany
536535,21730,GLASS STAR FROSTED T-LIGHT HOLDER,31,09/25/2011 09:00,4.25,DE3003,Germany
536536,22633,HAND WARMER UNION JACK,28,02/20/2011 10:00,1.85,DE3004,Germany
536536,22423,REGENCY CAKESTAND 3 TIER,23,02/20/2011 10:00,12.75,DE3004,Germany
536536,84029G,KNITTED UNION FLAG HOT WATER BOTTLE,33,02/20/2011 10:00,3.75,DE3004,Germany
536536,71053,WHITE METAL LANTERN,13,02/20/2011 10:00,3.39,DE3004,Germany
536537,22752,SET 7 BABUSHKA NESTING BOXES,25,06/20/2011 13:00,7.65,DE3006,Germany
536537,71053,WHITE METAL LANTERN,6,06/20/2011 13:00,3.39,DE3006,Germany
536538,22752,SET 7 BABUSHKA NESTING BOXES,36,09/26/2011 12:00,7.65,DE3007,Germany
536538,20725,LUNCH BAG RED RETROSPOT,22,09/26/2011 12:00,1.65,DE3007,Germany
536538,22423,REGENCY CAKESTAND 3 TIER,2,09/26/2011 12:00,12.75,DE3007,Germany
536538,22633,HAND WARMER UNION JACK,12,09/26/2011 12:00,1.85,DE3007,Germany
536538,84879,ASSORTED COLOUR BIRD ORNAMENT,27,09/26/2011 12:00,1.69,DE3007,Germany
536539,84029E,RED WOOLLY HOTTIE WHITE HEART,15,07/15/2011 15:00,3.39,DE3006,Germany
536539,20725,LUNCH BAG RED RETROSPOT,37,07/15/2011 15:00,1.65,DE3006,Germany
536539,21754,HOME BUILDING BLOCK WORD,31,07/15/2011 15:00,5.95,DE3006,Germany
536539,22752,SET 7 BABUSHKA NESTING BOXES,22,07/15/2011 15:00,7.65,DE3006,Germany
536539,22632,HAND WARMER RED POLKA DOT,25,07/15/2011 15:00,1.85,DE3006,Germany
536540,84029G,KNITTED UNION FLAG HOT WATER BOTTLE,14,05/25/2011 13:00,3.75,DE3001,Germany
536540,21754,HOME BUILDING BLOCK WORD,36,05/25/2011 13:00,5.95,DE3001,Germany
536541,22633,HAND WARMER UNION JACK,29,10/25/2011 14:00,1.85,DE3005,Germany
536542,85123A,WHITE HANGING HEART T-LIGHT HOLDER,21,02-04-2011 08:00,2.55,DE3005,Germany
536542,84029E,RED WOOLLY HOTTIE WHITE HEART,12,02-04-2011 08:00,3.39,DE3005,Germany
536542,71053,WHITE METAL LANTERN,18,02-04-2011 08:00,3.39,DE3005,Germany
536542,21730,GLASS STAR FROSTED T-LIGHT HOLDER,9,02-04-2011 08:00,4.25,DE3005,Germany
536543,71053,WHITE METAL LANTERN,25,02/26/2011 10:00,3.39,DE3010,Germany
536543,22752,SET 7 BABUSHKA NESTING BOXES,32,02/26/2011 10:00,7.65,DE3010,Germany
536543,47566,PARTY BUNTING,20,02/26/2011 10:00,4.95,DE3010,Germany
536543,22632,HAND WARMER RED POLKA DOT,14,02/26/2011 10:00,1.85,DE3010,Germany
536543,84029G,KNITTED UNION FLAG HOT WATER BOTTLE,35,02/26/2011 10:00,3.75,DE3010,Germany
536544,21754,HOME BUILDING BLOCK WORD,38,06-02-2011 12:00,5.95,DE3001,Germany
536544,20725,LUNCH BAG RED RETROSPOT,4,06-02-2011 12:00,1.65,DE3001,Germany
536545,22633,HAND WARMER UNION JACK,40,03-07-2011 11:00,1.85,DE3001,Germany
536545,21754,HOME BUILDING BLOCK WORD,5,03-07-2011 11:00,5.95,DE3001,Germany
536545,47566,PARTY BUNTING,21,03-07-2011 11:00,4.95,DE3001,Germany
536545,85123A,WHITE HANGING HEART T-LIGHT HOLDER,28,03-07-2011 11:00,2.55,DE3001,Germany
536545,84029G,KNITTED UNION FLAG HOT WATER BOTTLE,8,03-07-2011 11:00,3.75,DE3001,Germany
536546,84029G,KNITTED UNION FLAG HOT WATER BOTTLE,24,01/31/2011 08:00,3.75,DE3004,Germany
536546,84406B,CREAM CUPID HEARTS COAT HANGER,23,01/31/2011 08:00,2.75,DE3004,Germany
536546,22752,SET 7 BABUSHKA NESTING BOXES,38,01/31/2011 08:00,7.65,DE3004,Germany
536546,21212,PACK OF 72 RETROSPOT CAKE CASES,22,01/31/2011 08:00,0.55,DE3004,Germany
536546,22632,HAND WARMER RED POLKA DOT,27,01/31/2011 08:00,1.85,DE3004,Germany
536547,71053,WHITE METAL LANTERN,17,08/30/2011 12:00,3.39,DE3009,Germany
536547,85123A,WHITE HANGING HEART T-LIGHT HOLDER,27,08/30/2011 12:00,2.55,DE3009,Germany
536547,21754,HOME BUILDING BLOCK WORD,11,08/30/2011 12:00,5.95,DE3009,Germany
536547,21730,GLASS STAR FROSTED T-LIGHT HOLDER,22,08/30/2011 12:00,4.25,DE3009,Germany
536547,84029E,RED WOOLLY HOTTIE WHITE HEART,22,08/30/2011 12:00,3.39,DE3009,Germany
536548,84879,ASSORTED COLOUR BIRD ORNAMENT,27,03-12-2011 10:00,1.69,DE3006,Germany
536548,22752,SET 7 BABUSHKA NESTING BOXES,29,03-12-2011 10:00,7.65,DE3006,Germany
536549,47566,PARTY BUNTING,34,05/14/2011 16:00,4.95,DE3008,Germany
536549,21212,PACK OF 72 RETROSPOT CAKE CASES,16,05/14/2011 16:00,0.55,DE3008,Germany
536549,22632,HAND WARMER RED POLKA DOT,4,05/14/2011 16:00,1.85,DE3008,Germany
536549,22752,SET 7 BABUSHKA NESTING BOXES,24,05/14/2011 16:00,7.65,DE3008,Germany
536549,84029E,RED WOOLLY HOTTIE WHITE HEART,2,05/14/2011 16:00,3.39,DE3008,Germany
536550,21212,PACK OF 72 RETROSPOT CAKE CASES,9,08/25/2011 08:00,0.55,DE3002,Germany
536550,85123A,WHITE HANGING HEART T-LIGHT HOLDER,14,08/25/2011 08:00,2.55,DE3002,Germany
536551,21754,HOME BUILDING BLOCK WORD,15,08/24/2011 10:00,5.95,DE3003,Germany
536552,84879,ASSORTED COLOUR BIRD ORNAMENT,9,09/19/2011 08:00,1.69,DE3008,Germany
536553,84029G,KNITTED UNION FLAG HOT WATER BOTTLE,5,03-02-2011 14:00,3.75,DE3002,Germany
536553,84879,ASSORTED COLOUR BIRD ORNAMENT,31,03-02-2011 14:00,1.69,DE3002,Germany
536553,20725,LUNCH BAG RED RETROSPOT,24,03-02-2011 14:00,1.65,DE3002,Germany
536553,22633,HAND WARMER UNION JACK,16,03-02-2011 14:00,1.85,DE3002,Germany
536553,84406B,CREAM CUPID HEARTS COAT HANGER,6,03-02-2011 14:00,2.75,DE3002,Germany
536554,22752,SET 7 BABUSHKA NESTING BOXES,2,10/19/2011 14:00,7.65,DE3010,Germany
536554,20725,LUNCH BAG RED RETROSPOT,33,10/19/2011 14:00,1.65,DE3010,Germany
536554,84879,ASSORTED COLOUR BIRD ORNAMENT,18,10/19/2011 14:00,1.69,DE3010,Germany
536554,85123A,WHITE HANGING HEART T-LIGHT HOLDER,37,10/19/2011 14:00,2.55,DE3010,Germany
536555,20725,LUNCH BAG RED RETROSPOT,39,09-07-2011 12:00,1.65,DE3008,Germany
536556,22423,REGENCY CAKESTAND 3 TIER,17,06/20/2011 18:00,12.75,DE3008,Germany
536556,85123A,WHITE HANGING HEART T-LIGHT HOLDER,36,06/20/2011 18:00,2.55,DE3008,Germany
536556,22752,SET 7 BABUSHKA NESTING BOXES,24,06/20/2011 18:00,7.65,DE3008,Germany
536556,21754,HOME BUILDING BLOCK WORD,9,06/20/2011 18:00,5.95,DE3008,Germany
536557,47566,PARTY BUNTING,724,08-01-2011 08:00,4.95,DE3000,Germany
536557,22633,HAND WARMER UNION JACK,897,08-01-2011 08:00,1.85,DE3000,Germany
536558,84879,ASSORTED COLOUR BIRD ORNAMENT,31,08-07-2011 18:00,1.69,DE3002,Germany
536558,21212,PACK OF 72 RETROSPOT CAKE CASES,35,08-07-2011 18:00,0.55,DE3002,Germany
536558,22752,SET 7 BABUSHKA NESTING BOXES,24,08-07-2011 18:00,7.65,DE3002,Germany
536558,22423,REGENCY CAKESTAND 3 TIER,22,08-07-2011 18:00,12.75,DE3002,Germany
536559,22632,HAND WARMER RED POLKA DOT,25,06-03-2011 16:00,1.85,DE3005,Germany
536559,22752,SET 7 BABUSHKA NESTING BOXES,13,06-03-2011 16:00,7.65,DE3005,Germany
536559,20725,LUNCH BAG RED RETROSPOT,37,06-03-2011 16:00,1.65,DE3005,Germany
536560,47566,PARTY BUNTING,31,01/19/2011 10:00,4.95,DE3002,Germany
536560,71053,WHITE METAL LANTERN,18,01/19/2011 10:00,3.39,DE3002,Germany
536560,21754,HOME BUILDING BLOCK WORD,6,01/19/2011 10:00,5.95,DE3002,Germany
536561,84029E,RED WOOLLY HOTTIE WHITE HEART,11,06/17/2011 17:00,3.39,DE3004,Germany
536562,22633,HAND WARMER UNION JACK,5,05/27/2011 13:00,1.85,DE3008,Germany
536563,22423,REGENCY CAKESTAND 3 TIER,27,07-04-2011 10:00,12.75,DE3008,Germany
536563,85123A,WHITE HANGING HEART T-LIGHT HOLDER,6,07-04-2011 10:00,2.55,DE3008,Germany
536563,47566,PARTY BUNTING,34,07-04-2011 10:00,4.95,DE3008,Germany
536563,20725,LUNCH BAG RED RETROSPOT,40,07-04-2011 10:00,1.65,DE3008,Germany
536564,84879,ASSORTED COLOUR BIRD ORNAMENT,31,03/28/2011 18:00,1.69,DE3004,Germany
536564,84029G,KNITTED UNION FLAG HOT WATER BOTTLE,6,03/28/2011 18:00,3.75,DE3004,Germany
536565,22633,HAND WARMER UNION JACK,32,07-06-2011 08:00,1.85,DE3011,Germany
536566,84879,ASSORTED COLOUR BIRD ORNAMENT,22,03-01-2011 17:00,1.69,DE3010,Germany
536566,84029G,KNITTED UNION FLAG HOT WATER BOTTLE,5,03-01-2011 17:00,3.75,DE3010,Germany
536566,21212,PACK OF 72 RETROSPOT CAKE CASES,19,03-01-2011 17:00,0.55,DE3010,Germany
536566,22752,SET 7 BABUSHKA NESTING BOXES,39,03-01-2011 17:00,7.65,DE3010,Germany
536567,84029E,RED WOOLLY HOTTIE WHITE HEART,24,08/14/2011 14:00,3.39,DE3011,Germany
536567,21212,PACK OF 72 RETROSPOT CAKE CASES,33,08/14/2011 14:00,0.55,DE3011,Germany
536568,84029G,KNITTED UNION FLAG HOT WATER BOTTLE,7,05/24/2011 17:00,3.75,DE3004,Germany
536568,22752,SET 7 BABUSHKA NESTING BOXES,20,05/24/2011 17:00,7.65,DE3004,Germany
536568,71053,WHITE METAL LANTERN,10,05/24/2011 17:00,3.39,DE3004,Germany
536569,71053,WHITE METAL LANTERN,31,07/28/2011 09:00,3.39,NL4004,Netherlands
536569,21212,PACK OF 72 RETROSPOT CAKE CASES,25,07/28/2011 09:00,0.55,NL4004,Netherlands
536569,22423,REGENCY CAKESTAND 3 TIER,5,07/28/2011 09:00,12.75,NL4004,Netherlands
536569,21754,HOME BUILDING BLOCK WORD,5,07/28/2011 09:00,5.95,NL4004,Netherlands
536570,21730,GLASS STAR FROSTED T-LIGHT HOLDER,30,10/21/2011 12:00,4.25,NL4001,Netherlands
536570,71053,WHITE METAL LANTERN,32,10/21/2011 12:00,3.39,NL4001,Netherlands
536570,22632,HAND WARMER RED POLKA DOT,38,10/21/2011 12:00,1.85,NL4001,Netherlands
536571,47566,PARTY BUNTING,31,09/13/2011 11:00,4.95,NL4005,Netherlands
536571,21754,HOME BUILDING BLOCK WORD,5,09/13/2011 11:00,5.95,NL4005,Netherlands
536571,20725,LUNCH BAG RED RETROSPOT,26,09/13/2011 11:00,1.65,NL4005,Netherlands
536571,22423,REGENCY CAKESTAND 3 TIER,31,09/13/2011 11:00,12.75,NL4005,Netherlands
536572,21212,PACK OF 72 RETROSPOT CAKE CASES,1,04/26/2011 10:00,0.55,NL4002,Netherlands
536572,22632,HAND WARMER RED POLKA DOT,30,04/26/2011 10:00,1.85,NL4002,Netherlands
536572,22633,HAND WARMER UNION JACK,34,04/26/2011 10:00,1.85,NL4002,Netherlands
536572,47566,PARTY BUNTING,39,04/26/2011 10:00,4.95,NL4002,Netherlands
536573,71053,WHITE METAL LANTERN,4,05/31/2011 15:00,3.39,NL4004,Netherlands
536573,22752,SET 7 BABUSHKA NESTING BOXES,2,05/31/2011 15:00,7.65,NL4004,Netherlands
536573,21730,GLASS STAR FROSTED T-LIGHT HOLDER,8,05/31/2011 15:00,4.25,NL4004,Netherlands
536573,20725,LUNCH BAG RED RETROSPOT,20,05/31/2011 15:00,1.65,NL4004,Netherlands
536573,84879,ASSORTED COLOUR BIRD ORNAMENT,16,05/31/2011 15:00,1.69,NL4004,Netherlands
536574,84879,ASSORTED COLOUR BIRD ORNAMENT,14,10-03-2011 09:00,1.69,NL4001,Netherlands
536574,22632,HAND WARMER RED POLKA DOT,30,10-03-2011 09:00,1.85,NL4001,Netherlands
536575,47566,PARTY BUNTING,29,02/17/2011 15:00,4.95,NL4005,Netherlands
536575,71053,WHITE METAL LANTERN,12,02/17/2011 15:00,3.39,NL4005,Netherlands
536575,20725,LUNCH BAG RED RETROSPOT,5,02/17/2011 15:00,1.65,NL4005,Netherlands
536576,22423,REGENCY CAKESTAND 3 TIER,498,05-03-2011 08:00,12.75,NL4000,Netherlands
536576,84406B,CREAM CUPID HEARTS COAT HANGER,436,05-03-2011 08:00,2.75,NL4000,Netherlands
536576,20725,LUNCH BAG RED RETROSPOT,654,05-03-2011 08:00,1.65,NL4000,Netherlands
536577,22752,SET 7 BABUSHKA NESTING BOXES,13,02/28/2011 11:00,7.65,NL4000,Netherlands
536577,21754,HOME BUILDING BLOCK WORD,6,02/28/2011 11:00,5.95,NL4000,Netherlands
536577,22423,REGENCY CAKESTAND 3 TIER,19,02/28/2011 11:00,12.75,NL4000,Netherlands
536577,21730,GLASS STAR FROSTED T-LIGHT HOLDER,8,02/28/2011 11:00,4.25,NL4000,Netherlands
536577,22633,HAND WARMER UNION JACK,16,02/28/2011 11:00,1.85,NL4000,Netherlands
536578,84406B,CREAM CUPID HEARTS COAT HANGER,3,04/30/2011 12:00,2.75,NL4004,Netherlands
536579,21730,GLASS STAR FROSTED T-LIGHT HOLDER,39,07/15/2011 14:00,4.25,NL4003,Netherlands
536579,84029E,RED WOOLLY HOTTIE WHITE HEART,22,07/15/2011 14:00,3.39,NL4003,Netherlands
536580,22633,HAND WARMER UNION JACK,21,04/19/2011 15:00,1.85,NL4004,Netherlands
536580,21754,HOME BUILDING BLOCK WORD,22,04/19/2011 15:00,5.95,NL4004,Netherlands
536581,84029E,RED WOOLLY HOTTIE WHITE HEART,25,07/23/2011 13:00,3.39,NL4000,Netherlands
536581,20725,LUNCH BAG RED RETROSPOT,3,07/23/2011 13:00,1.65,NL4000,Netherlands
536581,21730,GLASS STAR FROSTED T-LIGHT HOLDER,9,07/23/2011 13:00,4.25,NL4000,Netherlands
536581,22632,HAND WARMER RED POLKA DOT,35,07/23/2011 13:00,1.85,NL4000,Netherlands
536581,84406B,CREAM CUPID HEARTS COAT HANGER,16,07/23/2011 13:00,2.75,NL4000,Netherlands
536582,84029G,KNITTED UNION FLAG HOT WATER BOTTLE,29,09-05-2011 13:00,3.75,NL4001,Netherlands
536582,22633,HAND WARMER UNION JACK,22,09-05-2011 13:00,1.85,NL4001,Netherlands
536582,22752,SET 7 BABUSHKA NESTING BOXES,31,09-05-2011 13:00,7.65,NL4001,Netherlands
536582,84029E,RED WOOLLY HOTTIE WHITE HEART,38,09-05-2011 13:00,3.39,NL4001,Netherlands
536582,47566,PARTY BUNTING,7,09-05-2011 13:00,4.95,NL4001,Netherlands
536583,47566,PARTY BUNTING,12,03-06-2011 18:00,4.95,NL4002,Netherlands
536583,84029G,KNITTED UNION FLAG HOT WATER BOTTLE,15,03-06-2011 18:00,3.75,NL4002,Netherlands
536583,22632,HAND WARMER RED POLKA DOT,15,03-06-2011 18:00,1.85,NL4002,Netherlands
536583,84879,ASSORTED COLOUR BIRD ORNAMENT,27,03-06-2011 18:00,1.69,NL4002,Netherlands
536583,20725,LUNCH BAG RED RETROSPOT,5,03-06-2011 18:00,1.65,NL4002,Netherlands
536584,21754,HOME BUILDING BLOCK WORD,9,09-07-2011 08:00,5.95,NL4005,Netherlands
536584,22632,HAND WARMER RED POLKA DOT,17,09-07-2011 08:00,1.85,NL4005,Netherlands
536584,47566,PARTY BUNTING,35,09-07-2011 08:00,4.95,NL4005,Netherlands
536584,22633,HAND WARMER UNION JACK,4,09-07-2011 08:00,1.85,NL4005,Netherlands
536584,21212,PACK OF 72 RETROSPOT CAKE CASES,22,09-07-2011 08:00,0.55,NL4005,Netherlands
536585,21730,GLASS STAR FROSTED T-LIGHT HOLDER,18,05-09-2011 13:00,4.25,NL4002,Netherlands
536586,84879,ASSORTED COLOUR BIRD ORNAMENT,40,04/25/2011 15:00,1.69,NL4002,Netherlands
536587,21730,GLASS STAR FROSTED T-LIGHT HOLDER,34,05/14/2011 09:00,4.25,IE5001,EIRE
536588,84879,ASSORTED COLOUR BIRD ORNAMENT,31,06/13/2011 10:00,1.69,IE5004,EIRE
536588,47566,PARTY BUNTING,39,06/13/2011 10:00,4.95,IE5004,EIRE
536589,20725,LUNCH BAG RED RETROSPOT,14,10/27/2011 18:00,1.65,IE5000,EIRE
536590,85123A,WHITE HANGING HEART T-LIGHT HOLDER,20,08-10-2011 15:00,2.55,IE5004,EIRE
536590,84406B,CREAM CUPID HEARTS COAT HANGER,9,08-10-2011 15:00,2.75,IE5004,EIRE
536590,22633,HAND WARMER UNION JACK,36,08-10-2011 15:00,1.85,IE5004,EIRE
536591,21730,GLASS STAR FROSTED T-LIGHT HOLDER,10,06/19/2011 14:00,4.25,IE5004,EIRE
536591,21754,HOME BUILDING BLOCK WORD,16,06/19/2011 14:00,5.95,IE5004,EIRE
536592,22632,HAND WARMER RED POLKA DOT,17,02/26/2011 08:00,1.85,IE5002,EIRE
536592,71053,WHITE METAL LANTERN,39,02/26/2011 08:00,3.39,IE5002,EIRE
536592,85123A,WHITE HANGING HEART T-LIGHT HOLDER,1,02/26/2011 08:00,2.55,IE5002,EIRE
536593,21212,PACK OF 72 RETROSPOT CAKE CASES,11,02/17/2011 18:00,0.55,IE5000,EIRE
536593,20725,LUNCH BAG RED RETROSPOT,26,02/17/2011 18:00,1.65,IE5000,EIRE
536594,85123A,WHITE HANGING HEART T-LIGHT HOLDER,1,04-09-2011 16:00,2.55,IE5002,EIRE
536594,22752,SET 7 BABUSHKA NESTING BOXES,9,04-09-2011 16:00,7.65,IE5002,EIRE
536594,22423,REGENCY CAKESTAND 3 TIER,24,04-09-2011 16:00,12.75,IE5002,EIRE
536595,84406B,CREAM CUPID HEARTS COAT HANGER,38,08-11-2011 11:00,2.75,IE5000,EIRE
536595,71053,WHITE METAL LANTERN,9,08-11-2011 11:00,3.39,IE5000,EIRE
536595,21730,GLASS STAR FROSTED T-LIGHT HOLDER,14,08-11-2011 11:00,4.25,IE5000,EIRE
536596,22423,REGENCY CAKESTAND 3 TIER,22,09/25/2011 17:00,12.75,IE5004,EIRE
536596,21754,HOME BUILDING BLOCK WORD,3,09/25/2011 17:00,5.95,IE5004,EIRE
536596,22632,HAND WARMER RED POLKA DOT,28,09/25/2011 17:00,1.85,IE5004,EIRE
536596,85123A,WHITE HANGING HEART T-LIGHT HOLDER,8,09/25/2011 17:00,2.55,IE5004,EIRE
536597,22423,REGENCY CAKESTAND 3 TIER,18,01-08-2011 11:00,12.75,IE5003,EIRE
536597,21212,PACK OF 72 RETROSPOT CAKE CASES,29,01-08-2011 11:00,0.55,IE5003,EIRE
536597,22632,HAND WARMER RED POLKA DOT,18,01-08-2011 11:00,1.85,IE5003,EIRE
536597,84029G,KNITTED UNION FLAG HOT WATER BOTTLE,12,01-08-2011 11:00,3.75,IE5003,EIRE
536598,21212,PACK OF 72 RETROSPOT CAKE CASES,15,05/13/2011 13:00,0.55,IE5004,EIRE
536598,84406B,CREAM CUPID HEARTS COAT HANGER,2,05/13/2011 13:00,2.75,IE5004,EIRE
536598,21754,HOME BUILDING BLOCK WORD,30,05/13/2011 13:00,5.95,IE5004,EIRE
536599,85123A,WHITE HANGING HEART T-LIGHT HOLDER,20,04/18/2011 15:00,2.55,IE5000,EIRE
536600,84406B,CREAM CUPID HEARTS COAT HANGER,9,06/23/2011 14:00,2.75,IE5004,EIRE
536600,22632,HAND WARMER RED POLKA DOT,15,06/23/2011 14:00,1.85,IE5004,EIRE
536601,20725,LUNCH BAG RED RETROSPOT,38,03/25/2011 08:00,1.65,IE5003,EIRE
536601,21212,PACK OF 72 RETROSPOT CAKE CASES,22,03/25/2011 08:00,0.55,IE5003,EIRE
536601,22423,REGENCY CAKESTAND 3 TIER,16,03/25/2011 08:00,12.75,IE5003,EIRE
536601,84406B,CREAM CUPID HEARTS COAT HANGER,16,03/25/2011 08:00,2.75,IE5003,EIRE
536601,84029G,KNITTED UNION FLAG HOT WATER BOTTLE,40,03/25/2011 08:00,3.75,IE5003,EIRE
536602,85123A,WHITE HANGING HEART T-LIGHT HOLDER,8,09/22/2011 18:00,2.55,IE5000,EIRE
536602,20725,LUNCH BAG RED RETROSPOT,39,09/22/2011 18:00,1.65,IE5000,EIRE
536602,84029G,KNITTED UNION FLAG HOT WATER BOTTLE,19,09/22/2011 18:00,3.75,IE5000,EIRE
536603,47566,PARTY BUNTING,27,03/21/2011 12:00,4.95,IE5000,EIRE
536603,84029G,KNITTED UNION FLAG HOT WATER BOTTLE,31,03/21/2011 12:00,3.75,IE5000,EIRE
536604,85123A,WHITE HANGING HEART T-LIGHT HOLDER,24,10-09-2011 18:00,2.55,IE5001,EIRE
536605,84029E,RED WOOLLY HOTTIE WHITE HEART,33,07/19/2011 09:00,3.39,IE5004,EIRE
536606,20725,LUNCH BAG RED RETROSPOT,10,01-07-2011 14:00,1.65,IE5004,EIRE
536606,84029G,KNITTED UNION FLAG HOT WATER BOTTLE,8,01-07-2011 14:00,3.75,IE5004,EIRE
536607,71053,WHITE METAL LANTERN,30,06-03-2011 13:00,3.39,ES6003,Spain
536608,21754,HOME BUILDING BLOCK WORD,8,04/23/2011 12:00,5.95,ES6000,Spain
536608,20725,LUNCH BAG RED RETROSPOT,37,04/23/2011 12:00,1.65,ES6000,Spain
536608,84406B,CREAM CUPID HEARTS COAT HANGER,19,04/23/2011 12:00,2.75,ES6000,Spain
536609,85123A,WHITE HANGING HEART T-LIGHT HOLDER,31,04/19/2011 14:00,2.55,ES6003,Spain
536609,71053,WHITE METAL LANTERN,5,04/19/2011 14:00,3.39,ES6003,Spain
536609,22633,HAND WARMER UNION JACK,30,04/19/2011 14:00,1.85,ES6003,Spain
536609,84406B,CREAM CUPID HEARTS COAT HANGER,2,04/19/2011 14:00,2.75,ES6003,Spain
536609,22423,REGENCY CAKESTAND 3 TIER,29,04/19/2011 14:00,12.75,ES6003,Spain
536610,85123A,WHITE HANGING HEART T-LIGHT HOLDER,33,04/26/2011 09:00,2.55,ES6000,Spain
536610,22632,HAND WARMER RED POLKA DOT,11,04/26/2011 09:00,1.85,ES6000,Spain
536610,22423,REGENCY CAKESTAND 3 TIER,10,04/26/2011 09:00,12.75,ES6000,Spain
536610,84029E,RED WOOLLY HOTTIE WHITE HEART,38,04/26/2011 09:00,3.39,ES6000,Spain
536611,22423,REGENCY CAKESTAND 3 TIER,15,09-03-2011 10:00,12.75,ES6005,Spain
536611,22632,HAND WARMER RED POLKA DOT,21,09-03-2011 10:00,1.85,ES6005,Spain
536611,84879,ASSORTED COLOUR BIRD ORNAMENT,16,09-03-2011 10:00,1.69,ES6005,Spain
536611,21212,PACK OF 72 RETROSPOT CAKE CASES,27,09-03-2011 10:00,0.55,ES6005,Spain
536611,21730,GLASS STAR FROSTED T-LIGHT HOLDER,33,09-03-2011 10:00,4.25,ES6005,Spain
536612,85123A,WHITE HANGING HEART T-LIGHT HOLDER,14,10/31/2011 17:00,2.55,ES6002,Spain
536612,84406B,CREAM CUPID HEARTS COAT HANGER,10,10/31/2011 17:00,2.75,ES6002,Spain
536613,21212,PACK OF 72 RETROSPOT CAKE CASES,40,02-12-2011 08:00,0.55,ES6000,Spain
536613,84406B,CREAM CUPID HEARTS COAT HANGER,32,02-12-2011 08:00,2.75,ES6000,Spain
536613,22632,HAND WARMER RED POLKA DOT,13,02-12-2011 08:00,1.85,ES6000,Spain
536613,71053,WHITE METAL LANTERN,35,02-12-2011 08:00,3.39,ES6000,Spain
536614,71053,WHITE METAL LANTERN,23,02-04-2011 08:00,3.39,ES6003,Spain
536615,22423,REGENCY CAKESTAND 3 TIER,12,09/15/2011 10:00,12.75,ES6005,Spain
536615,21754,HOME BUILDING BLOCK WORD,25,09/15/2011 10:00,5.95,ES6005,Spain
536616,22632,HAND WARMER RED POLKA DOT,26,10-10-2011 13:00,1.85,ES6000,Spain
536616,84406B,CREAM CUPID HEARTS COAT HANGER,23,10-10-2011 13:00,2.75,ES6000,Spain
536617,22632,HAND WARMER RED POLKA DOT,20,01-10-2011 09:00,1.85,ES6002,Spain
536617,20725,LUNCH BAG RED RETROSPOT,10,01-10-2011 09:00,1.65,ES6002,Spain
536617,47566,PARTY BUNTING,26,01-10-2011 09:00,4.95,ES6002,Spain
536617,21754,HOME BUILDING BLOCK WORD,22,01-10-2011 09:00,5.95,ES6002,Spain
536617,84029G,KNITTED UNION FLAG HOT WATER BOTTLE,4,01-10-2011 09:00,3.75,ES6002,Spain
536618,84029E,RED WOOLLY HOTTIE WHITE HEART,31,04/22/2011 12:00,3.39,ES6005,Spain
536618,22752,SET 7 BABUSHKA NESTING BOXES,1,04/22/2011 12:00,7.65,ES6005,Spain
536618,21754,HOME BUILDING BLOCK WORD,3,04/22/2011 12:00,5.95,ES6005,Spain
536619,22423,REGENCY CAKESTAND 3 TIER,24,10/22/2011 08:00,12.75,ES6000,Spain
536620,71053,WHITE METAL LANTERN,31,10/27/2011 10:00,3.39,ES6000,Spain
536620,84406B,CREAM CUPID HEARTS COAT HANGER,15,10/27/2011 10:00,2.75,ES6000,Spain
536620,22752,SET 7 BABUSHKA NESTING BOXES,38,10/27/2011 10:00,7.65,ES6000,Spain
536620,21754,HOME BUILDING BLOCK WORD,19,10/27/2011 10:00,5.95,ES6000,Spain
536620,85123A,WHITE HANGING HEART T-LIGHT HOLDER,29,10/27/2011 10:00,2.55,ES6000,Spain
536621,84029G,KNITTED UNION FLAG HOT WATER BOTTLE,37,08/26/2011 15:00,3.75,ES6000,Spain
536621,71053,WHITE METAL LANTERN,10,08/26/2011 15:00,3.39,ES6000,Spain
536621,84406B,CREAM CUPID HEARTS COAT HANGER,18,08/26/2011 15:00,2.75,ES6000,Spain
536621,21730,GLASS STAR FROSTED T-LIGHT HOLDER,23,08/26/2011 15:00,4.25,ES6000,Spain
536622,84029E,RED WOOLLY HOTTIE WHITE HEART,33,10-01-2011 18:00,3.39,ES6000,Spain
536622,21730,GLASS STAR FROSTED T-LIGHT HOLDER,26,10-01-2011 18:00,4.25,ES6000,Spain
536622,71053,WHITE METAL LANTERN,12,10-01-2011 18:00,3.39,ES6000,Spain
536622,84879,ASSORTED COLOUR BIRD ORNAMENT,10,10-01-2011 18:00,1.69,ES6000,Spain
536623,85123A,WHITE HANGING HEART T-LIGHT HOLDER,27,08-08-2011 16:00,2.55,ES6003,Spain
536624,22752,SET 7 BABUSHKA NESTING BOXES,15,09-11-2011 14:00,7.65,ES6003,Spain
536624,21754,HOME BUILDING BLOCK WORD,13,09-11-2011 14:00,5.95,ES6003,Spain
536624,22633,HAND WARMER UNION JACK,2,09-11-2011 14:00,1.85,ES6003,Spain
536624,20725,LUNCH BAG RED RETROSPOT,4,09-11-2011 14:00,1.65,ES6003,Spain
536624,21730,GLASS STAR FROSTED T-LIGHT HOLDER,4,09-11-2011 14:00,4.25,ES6003,Spain
536625,22633,HAND WARMER UNION JACK,34,04/16/2011 08:00,1.85,ES6002,Spain
536625,22752,SET 7 BABUSHKA NESTING BOXES,35,04/16/2011 08:00,7.65,ES6002,Spain
536625,21730,GLASS STAR FROSTED T-LIGHT HOLDER,20,04/16/2011 08:00,4.25,ES6002,Spain
536625,47566,PARTY BUNTING,1,04/16/2011 08:00,4.95,ES6002,Spain
536626,84406B,CREAM CUPID HEARTS COAT HANGER,1,05-04-2011 10:00,2.75,ES6004,Spain
536626,20725,LUNCH BAG RED RETROSPOT,3,05-04-2011 10:00,1.65,ES6004,Spain
536626,84879,ASSORTED COLOUR BIRD ORNAMENT,10,05-04-2011 10:00,1.69,ES6004,Spain
536626,22633,HAND WARMER UNION JACK,20,05-04-2011 10:00,1.85,ES6004,Spain
536626,22632,HAND WARMER RED POLKA DOT,35,05-04-2011 10:00,1.85,ES6004,Spain
536627,22423,REGENCY CAKESTAND 3 TIER,36,06-12-2011 09:00,12.75,ES6003,Spain
536628,21754,HOME BUILDING BLOCK WORD,40,07/13/2011 15:00,5.95,ES6004,Spain
536629,21212,PACK OF 72 RETROSPOT CAKE CASES,13,08-04-2011 12:00,0.55,ES6003,Spain
536629,22632,HAND WARMER RED POLKA DOT,32,08-04-2011 12:00,1.85,ES6003,Spain
536629,71053,WHITE METAL LANTERN,4,08-04-2011 12:00,3.39,ES6003,Spain
536629,85123A,WHITE HANGING HEART T-LIGHT HOLDER,33,08-04-2011 12:00,2.55,ES6003,Spain
536629,20725,LUNCH BAG RED RETROSPOT,24,08-04-2011 12:00,1.65,ES6003,Spain
536630,84406B,CREAM CUPID HEARTS COAT HANGER,9,05/26/2011 09:00,2.75,ES6000,Spain
536630,71053,WHITE METAL LANTERN,29,05/26/2011 09:00,3.39,ES6000,Spain
536630,21754,HOME BUILDING BLOCK WORD,18,05/26/2011 09:00,5.95,ES6000,Spain
536630,21730,GLASS STAR FROSTED T-LIGHT HOLDER,29,05/26/2011 09:00,4.25,ES6000,Spain
536631,84879,ASSORTED COLOUR BIRD ORNAMENT,34,08/27/2011 12:00,1.69,BE7002,Belgium
536631,21212,PACK OF 72 RETROSPOT CAKE CASES,11,08/27/2011 12:00,0.55,BE7002,Belgium
536631,71053,WHITE METAL LANTERN,7,08/27/2011 12:00,3.39,BE7002,Belgium
536631,85123A,WHITE HANGING HEART T-LIGHT HOLDER,2,08/27/2011 12:00,2.55,BE7002,Belgium
536632,21730,GLASS STAR FROSTED T-LIGHT HOLDER,7,07-08-2011 09:00,4.25,BE7001,Belgium
536632,84029G,KNITTED UNION FLAG HOT WATER BOTTLE,8,07-08-2011 09:00,3.75,BE7001,Belgium
536632,47566,PARTY BUNTING,29,07-08-2011 09:00,4.95,BE7001,Belgium
536633,22633,HAND WARMER UNION JACK,11,03-01-2011 14:00,1.85,BE7002,Belgium
536633,21212,PACK OF 72 RETROSPOT CAKE CASES,33,03-01-2011 14:00,0.55,BE7002,Belgium
536634,21730,GLASS STAR FROSTED T-LIGHT HOLDER,756,03/24/2011 17:00,4.25,BE7001,Belgium
536635,71053,WHITE METAL LANTERN,19,02/13/2011 12:00,3.39,BE7001,Belgium
536636,84029E,RED WOOLLY HOTTIE WHITE HEART,33,04/27/2011 12:00,3.39,BE7001,Belgium
536636,22632,HAND WARMER RED POLKA DOT,36,04/27/2011 12:00,1.85,BE7001,Belgium
536636,20725,LUNCH BAG RED RETROSPOT,24,04/27/2011 12:00,1.65,BE7001,Belgium
536636,85123A,WHITE HANGING HEART T-LIGHT HOLDER,15,04/27/2011 12:00,2.55,BE7001,Belgium
536636,21212,PACK OF 72 RETROSPOT CAKE CASES,39,04/27/2011 12:00,0.55,BE7001,Belgium
536637,22633,HAND WARMER UNION JACK,36,05/27/2011 14:00,1.85,BE7001,Belgium
536638,84029E,RED WOOLLY HOTTIE WHITE HEART,2,01/14/2011 17:00,3.39,BE7000,Belgium
536638,47566,PARTY BUNTING,5,01/14/2011 17:00,4.95,BE7000,Belgium
536638,21730,GLASS STAR FROSTED T-LIGHT HOLDER,8,01/14/2011 17:00,4.25,BE7000,Belgium
536639,21212,PACK OF 72 RETROSPOT CAKE CASES,40,08/13/2011 09:00,0.55,BE7002,Belgium
536639,21730,GLASS STAR FROSTED T-LIGHT HOLDER,2,08/13/2011 09:00,4.25,BE7002,Belgium
536640,84029E,RED WOOLLY HOTTIE WHITE HEART,30,01/30/2011 15:00,3.39,BE7000,Belgium
536641,21754,HOME BUILDING BLOCK WORD,13,09-03-2011 15:00,5.95,BE7000,Belgium
536641,21730,GLASS STAR FROSTED T-LIGHT HOLDER,6,09-03-2011 15:00,4.25,BE7000,Belgium
536641,85123A,WHITE HANGING HEART T-LIGHT HOLDER,28,09-03-2011 15:00,2.55,BE7000,Belgium
536641,47566,PARTY BUNTING,19,09-03-2011 15:00,4.95,BE7000,Belgium
536642,22423,REGENCY CAKESTAND 3 TIER,10,09/21/2011 13:00,12.75,BE7001,Belgium
536642,84029G,KNITTED UNION FLAG HOT WATER BOTTLE,26,09/21/2011 13:00,3.75,BE7001,Belgium
536642,22752,SET 7 BABUSHKA NESTING BOXES,22,09/21/2011 13:00,7.65,BE7001,Belgium
